Stage,ForecastOriginHour,Model,Hour,SourceRegion,TaskType,PointForecast,ActualGPU,Lower95,Lower80,BootstrapMedian,Upper80,Upper95
validation,2351,direct_mean,2352,RegionA,AITraining,26.37329931972789,0.0,0.0,0.0,0.0,72.0,122.0
validation,2351,direct_mean,2352,RegionA,BatchInference,18.78061224489796,9.0,0.0,0.0,16.0,36.0,51.0
validation,2351,direct_mean,2352,RegionA,RealTimeInference,9.86267006802721,14.0,0.0,3.0,9.0,16.0,23.0
validation,2351,direct_mean,2352,RegionB,AITraining,25.920493197278912,0.0,0.0,0.0,0.0,70.0,118.0
validation,2351,direct_mean,2352,RegionB,BatchInference,18.438350340136054,26.0,0.0,0.0,17.0,35.0,51.0
validation,2351,direct_mean,2352,RegionB,RealTimeInference,8.318452380952381,0.0,0.0,2.0,7.0,14.0,20.0
validation,2351,direct_mean,2352,RegionC,AITraining,24.667091836734695,0.0,0.0,0.0,0.0,71.0,120.04999999999927
validation,2351,direct_mean,2352,RegionC,BatchInference,14.509353741496598,4.0,0.0,0.0,12.0,29.0,44.0
validation,2351,direct_mean,2352,RegionC,RealTimeInference,7.084608843537415,12.0,0.0,1.0,6.0,12.0,18.0
validation,2351,direct_mean,2352,RegionD,AITraining,170.34013605442178,168.0,0.0,46.830000000000155,148.0,287.0,411.0
validation,2351,direct_mean,2352,RegionD,BatchInference,18.812925170068027,39.0,0.0,0.0,17.0,35.0,52.0
validation,2351,direct_mean,2352,RegionD,RealTimeInference,0.828656462585034,0.0,0.0,0.0,0.0,1.0,6.0
validation,2351,direct_mean,2352,RegionE,AITraining,121.21471088435374,120.0,0.0,0.0,108.0,215.17000000000007,316.0
validation,2351,direct_mean,2352,RegionE,BatchInference,12.249574829931973,0.0,0.0,0.0,9.0,25.0,41.0
validation,2351,direct_mean,2352,RegionE,RealTimeInference,1.0952380952380953,0.0,0.0,0.0,0.0,3.0,7.0
validation,2351,direct_mean,2352,RegionF,AITraining,122.42942176870748,127.0,0.0,0.0,106.0,221.0,328.0
validation,2351,direct_mean,2352,RegionF,BatchInference,11.350340136054422,0.0,0.0,0.0,8.0,23.0,38.0
validation,2351,direct_mean,2352,RegionF,RealTimeInference,0.8324829931972789,0.0,0.0,0.0,0.0,1.0,6.0
validation,2351,direct_mean,2353,RegionA,AITraining,26.37329931972789,0.0,0.0,0.0,0.0,73.0,121.0
validation,2351,direct_mean,2353,RegionA,BatchInference,18.78061224489796,22.0,0.0,0.0,16.0,36.0,51.0
validation,2351,direct_mean,2353,RegionA,RealTimeInference,9.86267006802721,2.0,0.0,3.0,9.0,16.0,23.0
validation,2351,direct_mean,2353,RegionB,AITraining,25.920493197278912,0.0,0.0,0.0,0.0,73.0,120.0
validation,2351,direct_mean,2353,RegionB,BatchInference,18.438350340136054,0.0,0.0,0.0,16.0,34.0,50.0
validation,2351,direct_mean,2353,RegionB,RealTimeInference,8.318452380952381,3.0,0.0,2.0,7.0,14.0,20.0
validation,2351,direct_mean,2353,RegionC,AITraining,24.667091836734695,44.0,0.0,0.0,0.0,73.0,120.0
validation,2351,direct_mean,2353,RegionC,BatchInference,14.509353741496598,19.0,0.0,0.0,12.0,29.0,43.0
validation,2351,direct_mean,2353,RegionC,RealTimeInference,7.084608843537415,4.0,0.0,0.0,6.0,12.0,18.0
validation,2351,direct_mean,2353,RegionD,AITraining,170.34013605442178,188.0,0.0,48.0,151.0,290.0,412.0
validation,2351,direct_mean,2353,RegionD,BatchInference,18.812925170068027,72.0,0.0,0.0,17.0,35.0,52.0
validation,2351,direct_mean,2353,RegionD,RealTimeInference,0.828656462585034,0.0,0.0,0.0,0.0,1.0,6.0
validation,2351,direct_mean,2353,RegionE,AITraining,121.21471088435374,43.0,0.0,0.0,107.5,213.0,314.0
validation,2351,direct_mean,2353,RegionE,BatchInference,12.249574829931973,0.0,0.0,0.0,9.0,23.0,40.0
validation,2351,direct_mean,2353,RegionE,RealTimeInference,1.0952380952380953,0.0,0.0,0.0,0.0,3.0,7.0
validation,2351,direct_mean,2353,RegionF,AITraining,122.42942176870748,88.0,0.0,0.0,106.0,219.0,320.0
validation,2351,direct_mean,2353,RegionF,BatchInference,11.350340136054422,50.0,0.0,0.0,7.0,23.0,38.0
validation,2351,direct_mean,2353,RegionF,RealTimeInference,0.8324829931972789,0.0,0.0,0.0,0.0,1.0,6.0
validation,2351,direct_mean,2354,RegionA,AITraining,26.37329931972789,0.0,0.0,0.0,0.0,73.0,122.0
validation,2351,direct_mean,2354,RegionA,BatchInference,18.78061224489796,4.0,0.0,0.0,16.0,36.0,52.0
validation,2351,direct_mean,2354,RegionA,RealTimeInference,9.86267006802721,8.0,0.0,3.0,9.0,16.0,23.0
validation,2351,direct_mean,2354,RegionB,AITraining,25.920493197278912,0.0,0.0,0.0,0.0,74.0,121.0
validation,2351,direct_mean,2354,RegionB,BatchInference,18.438350340136054,33.0,0.0,0.0,16.0,35.0,50.0
validation,2351,direct_mean,2354,RegionB,RealTimeInference,8.318452380952381,7.0,0.0,2.0,7.0,14.0,21.0
validation,2351,direct_mean,2354,RegionC,AITraining,24.667091836734695,0.0,0.0,0.0,0.0,73.0,121.0
validation,2351,direct_mean,2354,RegionC,BatchInference,14.509353741496598,26.0,0.0,0.0,12.0,29.0,43.0
validation,2351,direct_mean,2354,RegionC,RealTimeInference,7.084608843537415,4.0,0.0,1.0,6.0,13.0,18.0
validation,2351,direct_mean,2354,RegionD,AITraining,170.34013605442178,194.0,0.0,48.0,154.0,288.1700000000001,406.0
validation,2351,direct_mean,2354,RegionD,BatchInference,18.812925170068027,16.0,0.0,0.0,17.0,35.0,50.0
validation,2351,direct_mean,2354,RegionD,RealTimeInference,0.828656462585034,0.0,0.0,0.0,0.0,1.0,6.0
validation,2351,direct_mean,2354,RegionE,AITraining,121.21471088435374,96.0,0.0,0.0,107.0,215.0,319.0499999999993
validation,2351,direct_mean,2354,RegionE,BatchInference,12.249574829931973,0.0,0.0,0.0,9.0,23.0,40.0
validation,2351,direct_mean,2354,RegionE,RealTimeInference,1.0952380952380953,0.0,0.0,0.0,0.0,3.0,7.0
validation,2351,direct_mean,2354,RegionF,AITraining,122.42942176870748,31.0,0.0,0.0,105.0,220.17000000000007,325.0
validation,2351,direct_mean,2354,RegionF,BatchInference,11.350340136054422,0.0,0.0,0.0,8.0,23.0,37.0
validation,2351,direct_mean,2354,RegionF,RealTimeInference,0.8324829931972789,0.0,0.0,0.0,0.0,1.0,6.0
validation,2351,direct_mean,2355,RegionA,AITraining,26.37329931972789,0.0,0.0,0.0,0.0,75.0,122.0
validation,2351,direct_mean,2355,RegionA,BatchInference,18.78061224489796,62.0,0.0,0.0,16.0,36.0,52.0
validation,2351,direct_mean,2355,RegionA,RealTimeInference,9.86267006802721,2.0,0.0,3.0,9.0,16.0,23.0
validation,2351,direct_mean,2355,RegionB,AITraining,25.920493197278912,0.0,0.0,0.0,0.0,75.0,121.0
validation,2351,direct_mean,2355,RegionB,BatchInference,18.438350340136054,21.0,0.0,0.0,16.0,34.0,50.0
validation,2351,direct_mean,2355,RegionB,RealTimeInference,8.318452380952381,20.0,0.0,2.0,7.0,14.0,21.0
validation,2351,direct_mean,2355,RegionC,AITraining,24.667091836734695,0.0,0.0,0.0,0.0,72.0,120.0
validation,2351,direct_mean,2355,RegionC,BatchInference,14.509353741496598,22.0,0.0,0.0,12.0,29.0,44.0
validation,2351,direct_mean,2355,RegionC,RealTimeInference,7.084608843537415,14.0,0.0,0.0,6.0,12.0,18.0
validation,2351,direct_mean,2355,RegionD,AITraining,170.34013605442178,139.0,0.0,49.0,152.0,290.0,411.0
validation,2351,direct_mean,2355,RegionD,BatchInference,18.812925170068027,35.0,0.0,0.0,17.0,35.0,51.0
validation,2351,direct_mean,2355,RegionD,RealTimeInference,0.828656462585034,0.0,0.0,0.0,0.0,1.0,6.0
validation,2351,direct_mean,2355,RegionE,AITraining,121.21471088435374,0.0,0.0,0.0,109.0,216.0,321.0
validation,2351,direct_mean,2355,RegionE,BatchInference,12.249574829931973,0.0,0.0,0.0,10.0,24.0,40.0
validation,2351,direct_mean,2355,RegionE,RealTimeInference,1.0952380952380953,0.0,0.0,0.0,0.0,3.0,7.0
validation,2351,direct_mean,2355,RegionF,AITraining,122.42942176870748,220.0,0.0,0.0,104.0,219.0,327.0
validation,2351,direct_mean,2355,RegionF,BatchInference,11.350340136054422,0.0,0.0,0.0,7.0,23.0,38.0
validation,2351,direct_mean,2355,RegionF,RealTimeInference,0.8324829931972789,0.0,0.0,0.0,0.0,1.0,6.0
validation,2351,direct_mean,2356,RegionA,AITraining,26.37329931972789,95.0,0.0,0.0,0.0,74.0,121.0
validation,2351,direct_mean,2356,RegionA,BatchInference,18.78061224489796,17.0,0.0,0.0,16.0,36.0,51.0
validation,2351,direct_mean,2356,RegionA,RealTimeInference,9.86267006802721,13.0,0.0,3.0,9.0,16.0,23.0
validation,2351,direct_mean,2356,RegionB,AITraining,25.920493197278912,0.0,0.0,0.0,0.0,75.0,121.04999999999927
validation,2351,direct_mean,2356,RegionB,BatchInference,18.438350340136054,21.0,0.0,0.0,16.0,35.0,50.0
validation,2351,direct_mean,2356,RegionB,RealTimeInference,8.318452380952381,9.0,0.0,2.0,7.0,14.0,20.049999999999272
validation,2351,direct_mean,2356,RegionC,AITraining,24.667091836734695,0.0,0.0,0.0,0.0,71.0,120.0
validation,2351,direct_mean,2356,RegionC,BatchInference,14.509353741496598,0.0,0.0,0.0,12.0,28.0,43.0
validation,2351,direct_mean,2356,RegionC,RealTimeInference,7.084608843537415,27.0,0.0,1.0,6.0,12.0,18.0
validation,2351,direct_mean,2356,RegionD,AITraining,170.34013605442178,53.0,0.0,46.830000000000155,148.0,285.0,412.0
validation,2351,direct_mean,2356,RegionD,BatchInference,18.812925170068027,15.0,0.0,0.0,17.0,35.0,53.0
validation,2351,direct_mean,2356,RegionD,RealTimeInference,0.828656462585034,0.0,0.0,0.0,0.0,1.0,6.0
validation,2351,direct_mean,2356,RegionE,AITraining,121.21471088435374,58.0,0.0,0.0,106.0,215.0,315.0
validation,2351,direct_mean,2356,RegionE,BatchInference,12.249574829931973,4.0,0.0,0.0,9.0,23.0,40.0
validation,2351,direct_mean,2356,RegionE,RealTimeInference,1.0952380952380953,0.0,0.0,0.0,0.0,3.0,7.0
validation,2351,direct_mean,2356,RegionF,AITraining,122.42942176870748,425.0,0.0,16.0,108.0,221.0,325.0
validation,2351,direct_mean,2356,RegionF,BatchInference,11.350340136054422,20.0,0.0,0.0,7.0,23.0,38.0
validation,2351,direct_mean,2356,RegionF,RealTimeInference,0.8324829931972789,0.0,0.0,0.0,0.0,1.0,6.0
validation,2351,direct_mean,2357,RegionA,AITraining,26.37329931972789,0.0,0.0,0.0,0.0,72.0,121.0
validation,2351,direct_mean,2357,RegionA,BatchInference,18.78061224489796,0.0,0.0,0.0,16.0,36.0,52.0
validation,2351,direct_mean,2357,RegionA,RealTimeInference,9.86267006802721,9.0,0.0,3.0,9.0,16.0,23.0
validation,2351,direct_mean,2357,RegionB,AITraining,25.920493197278912,0.0,0.0,0.0,0.0,74.0,120.0
validation,2351,direct_mean,2357,RegionB,BatchInference,18.438350340136054,53.0,0.0,0.0,16.0,35.0,50.0
validation,2351,direct_mean,2357,RegionB,RealTimeInference,8.318452380952381,14.0,0.0,2.0,7.0,14.0,20.049999999999272
validation,2351,direct_mean,2357,RegionC,AITraining,24.667091836734695,48.0,0.0,0.0,0.0,70.0,120.0
validation,2351,direct_mean,2357,RegionC,BatchInference,14.509353741496598,0.0,0.0,0.0,12.0,28.0,43.0
validation,2351,direct_mean,2357,RegionC,RealTimeInference,7.084608843537415,20.0,0.0,1.0,6.0,12.0,18.0
validation,2351,direct_mean,2357,RegionD,AITraining,170.34013605442178,75.0,0.0,46.0,154.0,288.0,411.0499999999993
validation,2351,direct_mean,2357,RegionD,BatchInference,18.812925170068027,15.0,0.0,0.0,17.0,35.0,52.0
validation,2351,direct_mean,2357,RegionD,RealTimeInference,0.828656462585034,0.0,0.0,0.0,0.0,1.0,6.0
validation,2351,direct_mean,2357,RegionE,AITraining,121.21471088435374,107.0,0.0,0.0,108.0,213.0,315.0
validation,2351,direct_mean,2357,RegionE,BatchInference,12.249574829931973,18.0,0.0,0.0,9.0,24.0,39.0
validation,2351,direct_mean,2357,RegionE,RealTimeInference,1.0952380952380953,6.0,0.0,0.0,0.0,3.0,6.0
validation,2351,direct_mean,2357,RegionF,AITraining,122.42942176870748,25.0,0.0,0.0,105.0,222.0,331.0
validation,2351,direct_mean,2357,RegionF,BatchInference,11.350340136054422,20.0,0.0,0.0,7.0,22.0,38.0
validation,2351,direct_mean,2357,RegionF,RealTimeInference,0.8324829931972789,0.0,0.0,0.0,0.0,1.0,6.0
validation,2351,direct_mean,2358,RegionA,AITraining,26.37329931972789,0.0,0.0,0.0,0.0,72.0,122.0
validation,2351,direct_mean,2358,RegionA,BatchInference,18.78061224489796,21.0,0.0,0.0,16.0,35.0,52.0
validation,2351,direct_mean,2358,RegionA,RealTimeInference,9.86267006802721,3.0,0.0,3.0,9.0,16.0,24.0
validation,2351,direct_mean,2358,RegionB,AITraining,25.920493197278912,47.0,0.0,0.0,0.0,74.0,121.0
validation,2351,direct_mean,2358,RegionB,BatchInference,18.438350340136054,0.0,0.0,0.0,16.0,34.0,50.0
validation,2351,direct_mean,2358,RegionB,RealTimeInference,8.318452380952381,3.0,0.0,2.0,7.0,14.0,20.0
validation,2351,direct_mean,2358,RegionC,AITraining,24.667091836734695,0.0,0.0,0.0,0.0,70.0,120.0
validation,2351,direct_mean,2358,RegionC,BatchInference,14.509353741496598,7.0,0.0,0.0,13.0,29.0,43.0
validation,2351,direct_mean,2358,RegionC,RealTimeInference,7.084608843537415,14.0,0.0,1.0,6.0,13.0,18.0
validation,2351,direct_mean,2358,RegionD,AITraining,170.34013605442178,291.0,0.0,49.0,149.0,287.0,403.0
validation,2351,direct_mean,2358,RegionD,BatchInference,18.812925170068027,5.0,0.0,0.0,17.0,35.0,52.0
validation,2351,direct_mean,2358,RegionD,RealTimeInference,0.828656462585034,12.0,0.0,0.0,0.0,1.0,6.0
validation,2351,direct_mean,2358,RegionE,AITraining,121.21471088435374,237.0,0.0,0.0,107.0,216.0,321.0
validation,2351,direct_mean,2358,RegionE,BatchInference,12.249574829931973,36.0,0.0,0.0,9.0,23.0,40.0
validation,2351,direct_mean,2358,RegionE,RealTimeInference,1.0952380952380953,0.0,0.0,0.0,0.0,3.0,6.0
validation,2351,direct_mean,2358,RegionF,AITraining,122.42942176870748,37.0,0.0,0.0,105.0,222.0,327.0
validation,2351,direct_mean,2358,RegionF,BatchInference,11.350340136054422,14.0,0.0,0.0,7.0,23.0,37.04999999999927
validation,2351,direct_mean,2358,RegionF,RealTimeInference,0.8324829931972789,0.0,0.0,0.0,0.0,1.0,6.0
validation,2351,direct_mean,2359,RegionA,AITraining,26.37329931972789,0.0,0.0,0.0,0.0,73.0,122.0
validation,2351,direct_mean,2359,RegionA,BatchInference,18.78061224489796,0.0,0.0,0.0,16.0,36.0,51.0
validation,2351,direct_mean,2359,RegionA,RealTimeInference,9.86267006802721,5.0,0.0,3.0,9.0,16.0,23.0
validation,2351,direct_mean,2359,RegionB,AITraining,25.920493197278912,0.0,0.0,0.0,0.0,74.0,120.0
validation,2351,direct_mean,2359,RegionB,BatchInference,18.438350340136054,52.0,0.0,0.0,16.0,36.0,51.0
validation,2351,direct_mean,2359,RegionB,RealTimeInference,8.318452380952381,9.0,0.0,2.0,7.0,14.0,21.0
validation,2351,direct_mean,2359,RegionC,AITraining,24.667091836734695,0.0,0.0,0.0,0.0,73.0,123.0
validation,2351,direct_mean,2359,RegionC,BatchInference,14.509353741496598,34.0,0.0,0.0,12.0,29.0,44.0
validation,2351,direct_mean,2359,RegionC,RealTimeInference,7.084608843537415,3.0,0.0,1.0,6.0,12.0,18.0
validation,2351,direct_mean,2359,RegionD,AITraining,170.34013605442178,179.0,0.0,48.830000000000155,149.0,289.0,401.09999999999854
validation,2351,direct_mean,2359,RegionD,BatchInference,18.812925170068027,23.0,0.0,0.0,17.0,35.0,51.0
validation,2351,direct_mean,2359,RegionD,RealTimeInference,0.828656462585034,0.0,0.0,0.0,0.0,1.0,6.0
validation,2351,direct_mean,2359,RegionE,AITraining,121.21471088435374,193.0,0.0,0.0,107.0,213.0,317.0
validation,2351,direct_mean,2359,RegionE,BatchInference,12.249574829931973,0.0,0.0,0.0,9.0,23.0,41.0
validation,2351,direct_mean,2359,RegionE,RealTimeInference,1.0952380952380953,0.0,0.0,0.0,0.0,3.0,7.0
validation,2351,direct_mean,2359,RegionF,AITraining,122.42942176870748,330.0,0.0,0.0,105.0,217.0,328.0
validation,2351,direct_mean,2359,RegionF,BatchInference,11.350340136054422,0.0,0.0,0.0,8.0,23.0,38.0
validation,2351,direct_mean,2359,RegionF,RealTimeInference,0.8324829931972789,0.0,0.0,0.0,0.0,1.0,6.0
validation,2351,direct_mean,2360,RegionA,AITraining,26.37329931972789,0.0,0.0,0.0,0.0,75.0,122.0
validation,2351,direct_mean,2360,RegionA,BatchInference,18.78061224489796,12.0,0.0,0.0,16.0,36.0,51.0
validation,2351,direct_mean,2360,RegionA,RealTimeInference,9.86267006802721,8.0,0.0,3.0,9.0,16.0,23.0
validation,2351,direct_mean,2360,RegionB,AITraining,25.920493197278912,0.0,0.0,0.0,0.0,74.0,121.0
validation,2351,direct_mean,2360,RegionB,BatchInference,18.438350340136054,11.0,0.0,0.0,16.0,35.0,50.0
validation,2351,direct_mean,2360,RegionB,RealTimeInference,8.318452380952381,4.0,0.0,2.0,7.0,14.0,20.0
validation,2351,direct_mean,2360,RegionC,AITraining,24.667091836734695,26.0,0.0,0.0,0.0,71.0,122.0
validation,2351,direct_mean,2360,RegionC,BatchInference,14.509353741496598,19.0,0.0,0.0,12.0,29.0,43.0
validation,2351,direct_mean,2360,RegionC,RealTimeInference,7.084608843537415,6.0,0.0,1.0,6.0,12.0,18.0
validation,2351,direct_mean,2360,RegionD,AITraining,170.34013605442178,195.0,0.0,48.0,147.0,288.0,411.0
validation,2351,direct_mean,2360,RegionD,BatchInference,18.812925170068027,0.0,0.0,0.0,17.0,35.0,52.0
validation,2351,direct_mean,2360,RegionD,RealTimeInference,0.828656462585034,0.0,0.0,0.0,0.0,1.0,6.0
validation,2351,direct_mean,2360,RegionE,AITraining,121.21471088435374,298.0,0.0,0.0,108.0,218.0,321.0
validation,2351,direct_mean,2360,RegionE,BatchInference,12.249574829931973,39.0,0.0,0.0,9.0,23.0,40.0
validation,2351,direct_mean,2360,RegionE,RealTimeInference,1.0952380952380953,1.0,0.0,0.0,0.0,3.0,7.0
validation,2351,direct_mean,2360,RegionF,AITraining,122.42942176870748,236.0,0.0,0.0,106.0,221.0,325.0
validation,2351,direct_mean,2360,RegionF,BatchInference,11.350340136054422,9.0,0.0,0.0,7.0,23.0,38.0
validation,2351,direct_mean,2360,RegionF,RealTimeInference,0.8324829931972789,0.0,0.0,0.0,0.0,1.0,6.0
validation,2351,direct_mean,2361,RegionA,AITraining,26.37329931972789,0.0,0.0,0.0,0.0,73.0,122.0
validation,2351,direct_mean,2361,RegionA,BatchInference,18.78061224489796,17.0,0.0,0.0,16.0,35.0,51.0
validation,2351,direct_mean,2361,RegionA,RealTimeInference,9.86267006802721,6.0,0.0,3.0,9.0,16.0,23.0
validation,2351,direct_mean,2361,RegionB,AITraining,25.920493197278912,221.0,0.0,0.0,0.0,75.0,120.0
validation,2351,direct_mean,2361,RegionB,BatchInference,18.438350340136054,9.0,0.0,0.0,16.0,35.0,50.0
validation,2351,direct_mean,2361,RegionB,RealTimeInference,8.318452380952381,9.0,0.0,2.0,7.0,14.0,21.0
validation,2351,direct_mean,2361,RegionC,AITraining,24.667091836734695,0.0,0.0,0.0,0.0,71.0,120.0
validation,2351,direct_mean,2361,RegionC,BatchInference,14.509353741496598,38.0,0.0,0.0,12.0,29.0,43.0
validation,2351,direct_mean,2361,RegionC,RealTimeInference,7.084608843537415,3.0,0.0,0.0,6.0,12.0,18.0
validation,2351,direct_mean,2361,RegionD,AITraining,170.34013605442178,165.0,0.0,48.0,151.0,289.0,411.0499999999993
validation,2351,direct_mean,2361,RegionD,BatchInference,18.812925170068027,0.0,0.0,0.0,17.0,35.0,51.0
validation,2351,direct_mean,2361,RegionD,RealTimeInference,0.828656462585034,0.0,0.0,0.0,0.0,1.0,6.0
validation,2351,direct_mean,2361,RegionE,AITraining,121.21471088435374,349.0,0.0,0.0,108.0,215.0,315.0
validation,2351,direct_mean,2361,RegionE,BatchInference,12.249574829931973,8.0,0.0,0.0,9.0,23.0,39.0
validation,2351,direct_mean,2361,RegionE,RealTimeInference,1.0952380952380953,0.0,0.0,0.0,0.0,3.0,7.0
validation,2351,direct_mean,2361,RegionF,AITraining,122.42942176870748,126.0,0.0,0.0,109.0,218.0,320.0
validation,2351,direct_mean,2361,RegionF,BatchInference,11.350340136054422,15.0,0.0,0.0,7.0,23.0,37.0
validation,2351,direct_mean,2361,RegionF,RealTimeInference,0.8324829931972789,7.0,0.0,0.0,0.0,1.0,6.0
validation,2351,direct_mean,2362,RegionA,AITraining,26.37329931972789,0.0,0.0,0.0,0.0,72.0,122.0
validation,2351,direct_mean,2362,RegionA,BatchInference,18.78061224489796,5.0,0.0,0.0,16.0,35.0,51.0
validation,2351,direct_mean,2362,RegionA,RealTimeInference,9.86267006802721,3.0,0.0,3.0,9.0,16.0,23.0
validation,2351,direct_mean,2362,RegionB,AITraining,25.920493197278912,0.0,0.0,0.0,0.0,77.0,122.0
validation,2351,direct_mean,2362,RegionB,BatchInference,18.438350340136054,32.0,0.0,0.0,16.0,34.0,50.0
validation,2351,direct_mean,2362,RegionB,RealTimeInference,8.318452380952381,13.0,0.0,2.0,7.0,14.0,21.0
validation,2351,direct_mean,2362,RegionC,AITraining,24.667091836734695,0.0,0.0,0.0,0.0,74.0,121.0
validation,2351,direct_mean,2362,RegionC,BatchInference,14.509353741496598,0.0,0.0,0.0,12.0,28.0,43.0
validation,2351,direct_mean,2362,RegionC,RealTimeInference,7.084608843537415,8.0,0.0,1.0,6.0,13.0,18.0
validation,2351,direct_mean,2362,RegionD,AITraining,170.34013605442178,0.0,0.0,48.0,149.0,290.0,411.0
validation,2351,direct_mean,2362,RegionD,BatchInference,18.812925170068027,19.0,0.0,0.0,17.0,35.0,52.0
validation,2351,direct_mean,2362,RegionD,RealTimeInference,0.828656462585034,2.0,0.0,0.0,0.0,1.0,6.0
validation,2351,direct_mean,2362,RegionE,AITraining,121.21471088435374,207.0,0.0,0.0,110.0,215.0,316.0
validation,2351,direct_mean,2362,RegionE,BatchInference,12.249574829931973,14.0,0.0,0.0,9.0,24.0,40.0
validation,2351,direct_mean,2362,RegionE,RealTimeInference,1.0952380952380953,2.0,0.0,0.0,0.0,3.0,7.0
validation,2351,direct_mean,2362,RegionF,AITraining,122.42942176870748,101.0,0.0,0.0,106.0,218.0,324.0
validation,2351,direct_mean,2362,RegionF,BatchInference,11.350340136054422,20.0,0.0,0.0,7.0,23.0,37.0
validation,2351,direct_mean,2362,RegionF,RealTimeInference,0.8324829931972789,6.0,0.0,0.0,0.0,2.0,6.0
validation,2351,direct_mean,2363,RegionA,AITraining,26.37329931972789,0.0,0.0,0.0,0.0,74.0,121.0
validation,2351,direct_mean,2363,RegionA,BatchInference,18.78061224489796,19.0,0.0,0.0,16.0,36.0,52.0
validation,2351,direct_mean,2363,RegionA,RealTimeInference,9.86267006802721,0.0,0.0,3.0,9.0,16.0,23.049999999999272
validation,2351,direct_mean,2363,RegionB,AITraining,25.920493197278912,82.0,0.0,0.0,0.0,72.0,119.0
validation,2351,direct_mean,2363,RegionB,BatchInference,18.438350340136054,15.0,0.0,0.0,16.0,35.0,51.0
validation,2351,direct_mean,2363,RegionB,RealTimeInference,8.318452380952381,2.0,0.0,2.0,7.0,14.0,21.0
validation,2351,direct_mean,2363,RegionC,AITraining,24.667091836734695,0.0,0.0,0.0,0.0,74.0,121.0
validation,2351,direct_mean,2363,RegionC,BatchInference,14.509353741496598,0.0,0.0,0.0,12.0,29.0,43.0
validation,2351,direct_mean,2363,RegionC,RealTimeInference,7.084608843537415,5.0,0.0,0.0,6.0,12.0,18.0
validation,2351,direct_mean,2363,RegionD,AITraining,170.34013605442178,30.0,0.0,48.0,149.0,290.0,411.0
validation,2351,direct_mean,2363,RegionD,BatchInference,18.812925170068027,19.0,0.0,0.0,17.0,35.0,52.0
validation,2351,direct_mean,2363,RegionD,RealTimeInference,0.828656462585034,0.0,0.0,0.0,0.0,1.0,6.0
validation,2351,direct_mean,2363,RegionE,AITraining,121.21471088435374,23.0,0.0,0.0,108.0,216.0,314.0
validation,2351,direct_mean,2363,RegionE,BatchInference,12.249574829931973,0.0,0.0,0.0,9.0,23.0,40.0
validation,2351,direct_mean,2363,RegionE,RealTimeInference,1.0952380952380953,0.0,0.0,0.0,0.0,3.0,7.0
validation,2351,direct_mean,2363,RegionF,AITraining,122.42942176870748,118.0,0.0,0.0,104.0,218.0,318.0
validation,2351,direct_mean,2363,RegionF,BatchInference,11.350340136054422,0.0,0.0,0.0,7.0,23.0,37.0
validation,2351,direct_mean,2363,RegionF,RealTimeInference,0.8324829931972789,0.0,0.0,0.0,0.0,1.0,6.0
validation,2351,direct_mean,2364,RegionA,AITraining,26.37329931972789,49.0,0.0,0.0,0.0,73.0,122.0
validation,2351,direct_mean,2364,RegionA,BatchInference,18.78061224489796,39.0,0.0,0.0,16.0,35.0,51.0
validation,2351,direct_mean,2364,RegionA,RealTimeInference,9.86267006802721,7.0,0.0,3.0,9.0,16.0,23.0
validation,2351,direct_mean,2364,RegionB,AITraining,25.920493197278912,0.0,0.0,0.0,0.0,75.0,122.0
validation,2351,direct_mean,2364,RegionB,BatchInference,18.438350340136054,0.0,0.0,0.0,16.0,35.0,50.0
validation,2351,direct_mean,2364,RegionB,RealTimeInference,8.318452380952381,13.0,0.0,2.0,7.0,14.0,20.0
validation,2351,direct_mean,2364,RegionC,AITraining,24.667091836734695,109.0,0.0,0.0,0.0,71.0,120.0
validation,2351,direct_mean,2364,RegionC,BatchInference,14.509353741496598,15.0,0.0,0.0,12.0,28.0,44.0
validation,2351,direct_mean,2364,RegionC,RealTimeInference,7.084608843537415,14.0,0.0,1.0,6.0,13.0,18.0
validation,2351,direct_mean,2364,RegionD,AITraining,170.34013605442178,33.0,0.0,47.0,149.0,287.0,406.0
validation,2351,direct_mean,2364,RegionD,BatchInference,18.812925170068027,10.0,0.0,0.0,17.0,35.0,53.0
validation,2351,direct_mean,2364,RegionD,RealTimeInference,0.828656462585034,0.0,0.0,0.0,0.0,1.0,6.0
validation,2351,direct_mean,2364,RegionE,AITraining,121.21471088435374,0.0,0.0,0.0,108.0,215.0,318.0
validation,2351,direct_mean,2364,RegionE,BatchInference,12.249574829931973,44.0,0.0,0.0,9.0,23.0,39.0
validation,2351,direct_mean,2364,RegionE,RealTimeInference,1.0952380952380953,0.0,0.0,0.0,0.0,3.0,7.0
validation,2351,direct_mean,2364,RegionF,AITraining,122.42942176870748,118.0,0.0,0.0,105.0,222.0,328.09999999999854
validation,2351,direct_mean,2364,RegionF,BatchInference,11.350340136054422,7.0,0.0,0.0,7.0,23.0,37.04999999999927
validation,2351,direct_mean,2364,RegionF,RealTimeInference,0.8324829931972789,0.0,0.0,0.0,0.0,1.0,6.0
validation,2351,direct_mean,2365,RegionA,AITraining,26.37329931972789,0.0,0.0,0.0,0.0,73.0,122.0
validation,2351,direct_mean,2365,RegionA,BatchInference,18.78061224489796,0.0,0.0,0.0,16.0,36.0,51.0
validation,2351,direct_mean,2365,RegionA,RealTimeInference,9.86267006802721,14.0,0.0,3.0,9.0,16.0,23.0
validation,2351,direct_mean,2365,RegionB,AITraining,25.920493197278912,58.0,0.0,0.0,0.0,74.0,121.0
validation,2351,direct_mean,2365,RegionB,BatchInference,18.438350340136054,9.0,0.0,0.0,16.0,35.0,50.0
validation,2351,direct_mean,2365,RegionB,RealTimeInference,8.318452380952381,18.0,0.0,2.0,7.0,14.0,20.0
validation,2351,direct_mean,2365,RegionC,AITraining,24.667091836734695,0.0,0.0,0.0,0.0,70.0,120.0
validation,2351,direct_mean,2365,RegionC,BatchInference,14.509353741496598,15.0,0.0,0.0,12.0,28.0,43.0
validation,2351,direct_mean,2365,RegionC,RealTimeInference,7.084608843537415,14.0,0.0,1.0,6.0,13.0,18.0
validation,2351,direct_mean,2365,RegionD,AITraining,170.34013605442178,86.0,0.0,49.0,151.0,290.0,413.0499999999993
validation,2351,direct_mean,2365,RegionD,BatchInference,18.812925170068027,57.0,0.0,0.0,16.0,35.0,52.0
validation,2351,direct_mean,2365,RegionD,RealTimeInference,0.828656462585034,0.0,0.0,0.0,0.0,1.0,6.0
validation,2351,direct_mean,2365,RegionE,AITraining,121.21471088435374,0.0,0.0,0.0,107.0,214.0,314.0
validation,2351,direct_mean,2365,RegionE,BatchInference,12.249574829931973,0.0,0.0,0.0,9.0,24.0,40.0
validation,2351,direct_mean,2365,RegionE,RealTimeInference,1.0952380952380953,0.0,0.0,0.0,0.0,3.0,7.0
validation,2351,direct_mean,2365,RegionF,AITraining,122.42942176870748,125.0,0.0,0.0,106.0,217.0,325.0
validation,2351,direct_mean,2365,RegionF,BatchInference,11.350340136054422,0.0,0.0,0.0,7.0,23.0,36.0
validation,2351,direct_mean,2365,RegionF,RealTimeInference,0.8324829931972789,1.0,0.0,0.0,0.0,1.0,6.0
validation,2351,direct_mean,2366,RegionA,AITraining,26.37329931972789,0.0,0.0,0.0,0.0,73.0,122.0
validation,2351,direct_mean,2366,RegionA,BatchInference,18.78061224489796,14.0,0.0,0.0,16.0,35.0,51.0
validation,2351,direct_mean,2366,RegionA,RealTimeInference,9.86267006802721,13.0,0.0,3.0,9.0,17.0,24.0
validation,2351,direct_mean,2366,RegionB,AITraining,25.920493197278912,0.0,0.0,0.0,0.0,71.0,121.0
validation,2351,direct_mean,2366,RegionB,BatchInference,18.438350340136054,0.0,0.0,0.0,16.0,34.0,50.0
validation,2351,direct_mean,2366,RegionB,RealTimeInference,8.318452380952381,9.0,0.0,2.0,7.0,14.0,20.0
validation,2351,direct_mean,2366,RegionC,AITraining,24.667091836734695,45.0,0.0,0.0,0.0,69.0,118.0
validation,2351,direct_mean,2366,RegionC,BatchInference,14.509353741496598,16.0,0.0,0.0,12.0,28.0,43.0
validation,2351,direct_mean,2366,RegionC,RealTimeInference,7.084608843537415,13.0,0.0,0.0,6.0,12.0,18.0
validation,2351,direct_mean,2366,RegionD,AITraining,170.34013605442178,160.0,0.0,49.0,153.0,288.0,412.0
validation,2351,direct_mean,2366,RegionD,BatchInference,18.812925170068027,22.0,0.0,0.0,17.0,35.0,53.0
validation,2351,direct_mean,2366,RegionD,RealTimeInference,0.828656462585034,0.0,0.0,0.0,0.0,1.0,6.0
validation,2351,direct_mean,2366,RegionE,AITraining,121.21471088435374,0.0,0.0,0.0,109.0,218.0,320.0
validation,2351,direct_mean,2366,RegionE,BatchInference,12.249574829931973,19.0,0.0,0.0,9.0,24.0,39.0
validation,2351,direct_mean,2366,RegionE,RealTimeInference,1.0952380952380953,0.0,0.0,0.0,0.0,3.0,7.0
validation,2351,direct_mean,2366,RegionF,AITraining,122.42942176870748,198.0,0.0,0.0,104.0,219.0,320.0
validation,2351,direct_mean,2366,RegionF,BatchInference,11.350340136054422,0.0,0.0,0.0,7.0,23.0,38.0
validation,2351,direct_mean,2366,RegionF,RealTimeInference,0.8324829931972789,0.0,0.0,0.0,0.0,1.0,6.0
validation,2351,direct_mean,2367,RegionA,AITraining,26.37329931972789,0.0,0.0,0.0,0.0,73.0,122.0
validation,2351,direct_mean,2367,RegionA,BatchInference,18.78061224489796,9.0,0.0,0.0,16.0,35.0,51.0
validation,2351,direct_mean,2367,RegionA,RealTimeInference,9.86267006802721,20.0,0.0,3.0,9.0,16.0,23.0
validation,2351,direct_mean,2367,RegionB,AITraining,25.920493197278912,49.0,0.0,0.0,0.0,74.0,122.0
validation,2351,direct_mean,2367,RegionB,BatchInference,18.438350340136054,0.0,0.0,0.0,16.0,35.0,50.0
validation,2351,direct_mean,2367,RegionB,RealTimeInference,8.318452380952381,5.0,0.0,2.0,7.0,14.0,20.0
validation,2351,direct_mean,2367,RegionC,AITraining,24.667091836734695,0.0,0.0,0.0,0.0,72.0,122.0
validation,2351,direct_mean,2367,RegionC,BatchInference,14.509353741496598,20.0,0.0,0.0,12.0,29.0,44.0
validation,2351,direct_mean,2367,RegionC,RealTimeInference,7.084608843537415,0.0,0.0,0.0,6.0,12.0,18.0
validation,2351,direct_mean,2367,RegionD,AITraining,170.34013605442178,231.0,0.0,49.0,151.0,289.0,416.0
validation,2351,direct_mean,2367,RegionD,BatchInference,18.812925170068027,5.0,0.0,0.0,17.0,35.0,53.0
validation,2351,direct_mean,2367,RegionD,RealTimeInference,0.828656462585034,0.0,0.0,0.0,0.0,1.0,6.0
validation,2351,direct_mean,2367,RegionE,AITraining,121.21471088435374,110.0,0.0,0.0,107.0,213.0,316.0
validation,2351,direct_mean,2367,RegionE,BatchInference,12.249574829931973,11.0,0.0,0.0,9.0,24.0,40.0
validation,2351,direct_mean,2367,RegionE,RealTimeInference,1.0952380952380953,7.0,0.0,0.0,0.0,3.0,7.0
validation,2351,direct_mean,2367,RegionF,AITraining,122.42942176870748,192.0,0.0,16.0,106.0,216.0,325.0
validation,2351,direct_mean,2367,RegionF,BatchInference,11.350340136054422,4.0,0.0,0.0,7.0,23.0,38.0
validation,2351,direct_mean,2367,RegionF,RealTimeInference,0.8324829931972789,0.0,0.0,0.0,0.0,1.0,6.0
validation,2351,direct_mean,2368,RegionA,AITraining,26.37329931972789,0.0,0.0,0.0,0.0,71.0,121.0
validation,2351,direct_mean,2368,RegionA,BatchInference,18.78061224489796,0.0,0.0,0.0,16.0,36.0,53.0
validation,2351,direct_mean,2368,RegionA,RealTimeInference,9.86267006802721,11.0,0.0,3.0,9.0,16.0,23.0
validation,2351,direct_mean,2368,RegionB,AITraining,25.920493197278912,113.0,0.0,0.0,0.0,75.0,122.0
validation,2351,direct_mean,2368,RegionB,BatchInference,18.438350340136054,0.0,0.0,0.0,16.0,34.0,50.0
validation,2351,direct_mean,2368,RegionB,RealTimeInference,8.318452380952381,11.0,0.0,2.0,7.0,14.0,21.0
validation,2351,direct_mean,2368,RegionC,AITraining,24.667091836734695,0.0,0.0,0.0,0.0,70.17000000000007,120.0
validation,2351,direct_mean,2368,RegionC,BatchInference,14.509353741496598,10.0,0.0,0.0,12.0,29.0,44.0
validation,2351,direct_mean,2368,RegionC,RealTimeInference,7.084608843537415,9.0,0.0,1.0,6.0,12.0,18.0
validation,2351,direct_mean,2368,RegionD,AITraining,170.34013605442178,256.0,0.0,46.0,147.0,287.0,406.0499999999993
validation,2351,direct_mean,2368,RegionD,BatchInference,18.812925170068027,38.0,0.0,0.0,17.0,35.0,50.0
validation,2351,direct_mean,2368,RegionD,RealTimeInference,0.828656462585034,0.0,0.0,0.0,0.0,1.0,6.0
validation,2351,direct_mean,2368,RegionE,AITraining,121.21471088435374,167.0,0.0,0.0,108.0,216.0,320.0
validation,2351,direct_mean,2368,RegionE,BatchInference,12.249574829931973,15.0,0.0,0.0,9.0,24.0,40.0
validation,2351,direct_mean,2368,RegionE,RealTimeInference,1.0952380952380953,0.0,0.0,0.0,0.0,3.0,7.0
validation,2351,direct_mean,2368,RegionF,AITraining,122.42942176870748,0.0,0.0,0.0,107.0,218.0,312.0
validation,2351,direct_mean,2368,RegionF,BatchInference,11.350340136054422,13.0,0.0,0.0,7.0,23.0,38.0
validation,2351,direct_mean,2368,RegionF,RealTimeInference,0.8324829931972789,0.0,0.0,0.0,0.0,1.0,6.0
validation,2351,direct_mean,2369,RegionA,AITraining,26.37329931972789,16.0,0.0,0.0,0.0,77.0,122.0
validation,2351,direct_mean,2369,RegionA,BatchInference,18.78061224489796,19.0,0.0,0.0,16.0,36.0,51.0
validation,2351,direct_mean,2369,RegionA,RealTimeInference,9.86267006802721,8.0,0.0,3.0,9.0,16.0,23.0
validation,2351,direct_mean,2369,RegionB,AITraining,25.920493197278912,95.0,0.0,0.0,0.0,76.0,122.0
validation,2351,direct_mean,2369,RegionB,BatchInference,18.438350340136054,0.0,0.0,0.0,16.0,35.0,50.0
validation,2351,direct_mean,2369,RegionB,RealTimeInference,8.318452380952381,5.0,0.0,2.0,7.0,14.0,21.0
validation,2351,direct_mean,2369,RegionC,AITraining,24.667091836734695,0.0,0.0,0.0,0.0,69.0,118.0
validation,2351,direct_mean,2369,RegionC,BatchInference,14.509353741496598,0.0,0.0,0.0,12.0,28.0,44.0
validation,2351,direct_mean,2369,RegionC,RealTimeInference,7.084608843537415,3.0,0.0,1.0,6.0,13.0,18.0
validation,2351,direct_mean,2369,RegionD,AITraining,170.34013605442178,111.0,0.0,47.0,149.0,290.0,407.0
validation,2351,direct_mean,2369,RegionD,BatchInference,18.812925170068027,0.0,0.0,0.0,17.0,35.0,51.0
validation,2351,direct_mean,2369,RegionD,RealTimeInference,0.828656462585034,0.0,0.0,0.0,0.0,1.0,6.0
validation,2351,direct_mean,2369,RegionE,AITraining,121.21471088435374,274.0,0.0,0.0,108.0,215.0,316.0
validation,2351,direct_mean,2369,RegionE,BatchInference,12.249574829931973,22.0,0.0,0.0,9.0,23.0,41.0
validation,2351,direct_mean,2369,RegionE,RealTimeInference,1.0952380952380953,0.0,0.0,0.0,0.0,3.0,7.0
validation,2351,direct_mean,2369,RegionF,AITraining,122.42942176870748,334.0,0.0,13.280000000002474,108.0,217.17000000000007,325.0
validation,2351,direct_mean,2369,RegionF,BatchInference,11.350340136054422,0.0,0.0,0.0,8.0,23.0,38.0
validation,2351,direct_mean,2369,RegionF,RealTimeInference,0.8324829931972789,0.0,0.0,0.0,0.0,1.0,6.0
validation,2351,direct_mean,2370,RegionA,AITraining,26.37329931972789,74.0,0.0,0.0,0.0,77.0,122.0
validation,2351,direct_mean,2370,RegionA,BatchInference,18.78061224489796,10.0,0.0,0.0,16.0,35.0,51.0
validation,2351,direct_mean,2370,RegionA,RealTimeInference,9.86267006802721,10.0,0.0,3.0,9.0,16.0,23.0
validation,2351,direct_mean,2370,RegionB,AITraining,25.920493197278912,0.0,0.0,0.0,0.0,75.0,122.0
validation,2351,direct_mean,2370,RegionB,BatchInference,18.438350340136054,5.0,0.0,0.0,16.0,35.0,50.0
validation,2351,direct_mean,2370,RegionB,RealTimeInference,8.318452380952381,0.0,0.0,2.0,7.0,14.0,20.0
validation,2351,direct_mean,2370,RegionC,AITraining,24.667091836734695,0.0,0.0,0.0,0.0,73.0,121.0
validation,2351,direct_mean,2370,RegionC,BatchInference,14.509353741496598,0.0,0.0,0.0,12.0,28.0,43.0
validation,2351,direct_mean,2370,RegionC,RealTimeInference,7.084608843537415,4.0,0.0,1.0,6.0,13.0,18.0
validation,2351,direct_mean,2370,RegionD,AITraining,170.34013605442178,93.0,0.0,45.0,147.5,286.0,408.0
validation,2351,direct_mean,2370,RegionD,BatchInference,18.812925170068027,36.0,0.0,0.0,17.0,35.0,53.0
validation,2351,direct_mean,2370,RegionD,RealTimeInference,0.828656462585034,0.0,0.0,0.0,0.0,1.0,6.0
validation,2351,direct_mean,2370,RegionE,AITraining,121.21471088435374,24.0,0.0,0.0,109.0,218.0,319.0
validation,2351,direct_mean,2370,RegionE,BatchInference,12.249574829931973,0.0,0.0,0.0,9.0,24.0,40.0
validation,2351,direct_mean,2370,RegionE,RealTimeInference,1.0952380952380953,3.0,0.0,0.0,0.0,3.0,7.0
validation,2351,direct_mean,2370,RegionF,AITraining,122.42942176870748,122.0,0.0,18.0,108.0,219.0,325.0
validation,2351,direct_mean,2370,RegionF,BatchInference,11.350340136054422,0.0,0.0,0.0,7.5,23.0,37.0
validation,2351,direct_mean,2370,RegionF,RealTimeInference,0.8324829931972789,0.0,0.0,0.0,0.0,1.0,6.0
validation,2351,direct_mean,2371,RegionA,AITraining,26.37329931972789,0.0,0.0,0.0,0.0,77.0,122.0
validation,2351,direct_mean,2371,RegionA,BatchInference,18.78061224489796,32.0,0.0,0.0,16.0,36.0,51.0
validation,2351,direct_mean,2371,RegionA,RealTimeInference,9.86267006802721,17.0,0.0,3.0,9.0,16.0,23.0
validation,2351,direct_mean,2371,RegionB,AITraining,25.920493197278912,0.0,0.0,0.0,0.0,73.0,120.0
validation,2351,direct_mean,2371,RegionB,BatchInference,18.438350340136054,8.0,0.0,0.0,16.0,34.0,50.0
validation,2351,direct_mean,2371,RegionB,RealTimeInference,8.318452380952381,6.0,0.0,2.0,7.0,14.0,21.0
validation,2351,direct_mean,2371,RegionC,AITraining,24.667091836734695,186.0,0.0,0.0,0.0,69.0,120.0
validation,2351,direct_mean,2371,RegionC,BatchInference,14.509353741496598,0.0,0.0,0.0,12.0,29.0,44.0
validation,2351,direct_mean,2371,RegionC,RealTimeInference,7.084608843537415,6.0,0.0,1.0,6.0,13.0,18.0
validation,2351,direct_mean,2371,RegionD,AITraining,170.34013605442178,221.0,0.0,50.0,154.0,295.0,415.0
validation,2351,direct_mean,2371,RegionD,BatchInference,18.812925170068027,23.0,0.0,0.0,17.0,35.0,52.0
validation,2351,direct_mean,2371,RegionD,RealTimeInference,0.828656462585034,0.0,0.0,0.0,0.0,1.0,6.0
validation,2351,direct_mean,2371,RegionE,AITraining,121.21471088435374,69.0,0.0,0.0,107.0,214.17000000000007,315.0
validation,2351,direct_mean,2371,RegionE,BatchInference,12.249574829931973,0.0,0.0,0.0,9.0,23.0,39.0
validation,2351,direct_mean,2371,RegionE,RealTimeInference,1.0952380952380953,0.0,0.0,0.0,0.0,3.0,7.0
validation,2351,direct_mean,2371,RegionF,AITraining,122.42942176870748,135.0,0.0,0.0,105.0,217.0,325.0
validation,2351,direct_mean,2371,RegionF,BatchInference,11.350340136054422,23.0,0.0,0.0,7.0,23.0,37.0
validation,2351,direct_mean,2371,RegionF,RealTimeInference,0.8324829931972789,0.0,0.0,0.0,0.0,1.0,6.0
validation,2351,direct_mean,2372,RegionA,AITraining,26.37329931972789,0.0,0.0,0.0,0.0,72.0,122.0
validation,2351,direct_mean,2372,RegionA,BatchInference,18.78061224489796,0.0,0.0,0.0,16.0,35.0,52.0
validation,2351,direct_mean,2372,RegionA,RealTimeInference,9.86267006802721,0.0,0.0,3.0,9.0,16.0,23.0
validation,2351,direct_mean,2372,RegionB,AITraining,25.920493197278912,0.0,0.0,0.0,0.0,77.0,122.0
validation,2351,direct_mean,2372,RegionB,BatchInference,18.438350340136054,75.0,0.0,0.0,16.0,34.0,51.0
validation,2351,direct_mean,2372,RegionB,RealTimeInference,8.318452380952381,29.0,0.0,2.0,7.0,14.0,21.0
validation,2351,direct_mean,2372,RegionC,AITraining,24.667091836734695,0.0,0.0,0.0,0.0,73.0,121.0
validation,2351,direct_mean,2372,RegionC,BatchInference,14.509353741496598,17.0,0.0,0.0,12.0,28.0,43.0
validation,2351,direct_mean,2372,RegionC,RealTimeInference,7.084608843537415,0.0,0.0,0.0,6.0,13.0,18.0
validation,2351,direct_mean,2372,RegionD,AITraining,170.34013605442178,178.0,0.0,47.0,148.0,290.0,413.0
validation,2351,direct_mean,2372,RegionD,BatchInference,18.812925170068027,23.0,0.0,0.0,17.0,35.0,51.0
validation,2351,direct_mean,2372,RegionD,RealTimeInference,0.828656462585034,0.0,0.0,0.0,0.0,1.0,6.0
validation,2351,direct_mean,2372,RegionE,AITraining,121.21471088435374,0.0,0.0,0.0,108.0,214.0,316.0
validation,2351,direct_mean,2372,RegionE,BatchInference,12.249574829931973,0.0,0.0,0.0,9.0,23.0,39.04999999999927
validation,2351,direct_mean,2372,RegionE,RealTimeInference,1.0952380952380953,0.0,0.0,0.0,0.0,3.0,7.0
validation,2351,direct_mean,2372,RegionF,AITraining,122.42942176870748,151.0,0.0,0.0,108.0,222.0,327.0
validation,2351,direct_mean,2372,RegionF,BatchInference,11.350340136054422,17.0,0.0,0.0,7.0,23.0,38.0
validation,2351,direct_mean,2372,RegionF,RealTimeInference,0.8324829931972789,8.0,0.0,0.0,0.0,1.0,6.0
validation,2351,direct_mean,2373,RegionA,AITraining,26.37329931972789,0.0,0.0,0.0,0.0,73.0,121.0
validation,2351,direct_mean,2373,RegionA,BatchInference,18.78061224489796,18.0,0.0,0.0,16.0,36.0,51.0
validation,2351,direct_mean,2373,RegionA,RealTimeInference,9.86267006802721,2.0,0.0,3.0,9.0,16.0,23.0
validation,2351,direct_mean,2373,RegionB,AITraining,25.920493197278912,0.0,0.0,0.0,0.0,74.0,120.0
validation,2351,direct_mean,2373,RegionB,BatchInference,18.438350340136054,0.0,0.0,0.0,16.0,34.0,50.0
validation,2351,direct_mean,2373,RegionB,RealTimeInference,8.318452380952381,25.0,0.0,2.0,7.0,14.0,21.0
validation,2351,direct_mean,2373,RegionC,AITraining,24.667091836734695,0.0,0.0,0.0,0.0,69.0,120.0
validation,2351,direct_mean,2373,RegionC,BatchInference,14.509353741496598,0.0,0.0,0.0,12.0,28.0,43.0
validation,2351,direct_mean,2373,RegionC,RealTimeInference,7.084608843537415,9.0,0.0,1.0,6.0,12.0,18.0
validation,2351,direct_mean,2373,RegionD,AITraining,170.34013605442178,205.0,0.0,47.0,148.0,287.0,411.0
validation,2351,direct_mean,2373,RegionD,BatchInference,18.812925170068027,15.0,0.0,0.0,17.0,35.0,52.0
validation,2351,direct_mean,2373,RegionD,RealTimeInference,0.828656462585034,0.0,0.0,0.0,0.0,1.0,6.0
validation,2351,direct_mean,2373,RegionE,AITraining,121.21471088435374,41.0,0.0,0.0,108.0,216.0,311.0
validation,2351,direct_mean,2373,RegionE,BatchInference,12.249574829931973,17.0,0.0,0.0,9.0,24.0,40.0
validation,2351,direct_mean,2373,RegionE,RealTimeInference,1.0952380952380953,2.0,0.0,0.0,0.0,3.0,7.0
validation,2351,direct_mean,2373,RegionF,AITraining,122.42942176870748,163.0,0.0,0.0,106.0,220.0,314.0
validation,2351,direct_mean,2373,RegionF,BatchInference,11.350340136054422,9.0,0.0,0.0,7.0,23.0,38.0
validation,2351,direct_mean,2373,RegionF,RealTimeInference,0.8324829931972789,0.0,0.0,0.0,0.0,1.0,6.0
validation,2351,direct_mean,2374,RegionA,AITraining,26.37329931972789,143.0,0.0,0.0,0.0,73.0,121.0
validation,2351,direct_mean,2374,RegionA,BatchInference,18.78061224489796,8.0,0.0,0.0,16.0,36.0,51.0
validation,2351,direct_mean,2374,RegionA,RealTimeInference,9.86267006802721,0.0,0.0,3.0,9.0,16.0,23.0
validation,2351,direct_mean,2374,RegionB,AITraining,25.920493197278912,24.0,0.0,0.0,0.0,77.0,121.0
validation,2351,direct_mean,2374,RegionB,BatchInference,18.438350340136054,10.0,0.0,0.0,16.0,35.0,51.0
validation,2351,direct_mean,2374,RegionB,RealTimeInference,8.318452380952381,14.0,0.0,2.0,7.0,14.0,21.0
validation,2351,direct_mean,2374,RegionC,AITraining,24.667091836734695,0.0,0.0,0.0,0.0,71.0,120.0
validation,2351,direct_mean,2374,RegionC,BatchInference,14.509353741496598,5.0,0.0,0.0,12.0,28.0,43.0
validation,2351,direct_mean,2374,RegionC,RealTimeInference,7.084608843537415,0.0,0.0,1.0,6.0,12.0,18.0
validation,2351,direct_mean,2374,RegionD,AITraining,170.34013605442178,125.0,0.0,48.0,149.0,288.0,411.0499999999993
validation,2351,direct_mean,2374,RegionD,BatchInference,18.812925170068027,19.0,0.0,0.0,17.0,35.0,51.0
validation,2351,direct_mean,2374,RegionD,RealTimeInference,0.828656462585034,0.0,0.0,0.0,0.0,1.0,6.0
validation,2351,direct_mean,2374,RegionE,AITraining,121.21471088435374,252.0,0.0,0.0,108.0,215.0,314.0
validation,2351,direct_mean,2374,RegionE,BatchInference,12.249574829931973,12.0,0.0,0.0,9.0,23.0,40.0
validation,2351,direct_mean,2374,RegionE,RealTimeInference,1.0952380952380953,0.0,0.0,0.0,0.0,3.0,7.0
validation,2351,direct_mean,2374,RegionF,AITraining,122.42942176870748,91.0,0.0,0.0,105.0,218.0,325.0
validation,2351,direct_mean,2374,RegionF,BatchInference,11.350340136054422,14.0,0.0,0.0,7.0,23.0,38.0
validation,2351,direct_mean,2374,RegionF,RealTimeInference,0.8324829931972789,0.0,0.0,0.0,0.0,1.0,6.0
validation,2351,direct_mean,2375,RegionA,AITraining,26.37329931972789,84.0,0.0,0.0,0.0,75.0,122.0
validation,2351,direct_mean,2375,RegionA,BatchInference,18.78061224489796,44.0,0.0,0.0,16.0,36.0,52.0
validation,2351,direct_mean,2375,RegionA,RealTimeInference,9.86267006802721,5.0,0.0,3.0,9.0,16.0,23.0
validation,2351,direct_mean,2375,RegionB,AITraining,25.920493197278912,175.0,0.0,0.0,0.0,74.0,122.0
validation,2351,direct_mean,2375,RegionB,BatchInference,18.438350340136054,0.0,0.0,0.0,16.0,34.0,50.0
validation,2351,direct_mean,2375,RegionB,RealTimeInference,8.318452380952381,6.0,0.0,2.0,7.0,14.0,20.0
validation,2351,direct_mean,2375,RegionC,AITraining,24.667091836734695,0.0,0.0,0.0,0.0,70.0,120.0
validation,2351,direct_mean,2375,RegionC,BatchInference,14.509353741496598,8.0,0.0,0.0,12.0,29.0,43.0
validation,2351,direct_mean,2375,RegionC,RealTimeInference,7.084608843537415,4.0,0.0,1.0,6.0,12.0,18.0
validation,2351,direct_mean,2375,RegionD,AITraining,170.34013605442178,41.0,0.0,47.0,148.0,286.0,409.0
validation,2351,direct_mean,2375,RegionD,BatchInference,18.812925170068027,0.0,0.0,0.0,17.0,35.0,52.0
validation,2351,direct_mean,2375,RegionD,RealTimeInference,0.828656462585034,0.0,0.0,0.0,0.0,1.0,6.0
validation,2351,direct_mean,2375,RegionE,AITraining,121.21471088435374,46.0,0.0,0.0,108.0,216.0,318.0
validation,2351,direct_mean,2375,RegionE,BatchInference,12.249574829931973,16.0,0.0,0.0,9.0,24.0,40.0
validation,2351,direct_mean,2375,RegionE,RealTimeInference,1.0952380952380953,0.0,0.0,0.0,0.0,3.0,7.0
validation,2351,direct_mean,2375,RegionF,AITraining,122.42942176870748,0.0,0.0,0.0,108.0,220.0,325.0
validation,2351,direct_mean,2375,RegionF,BatchInference,11.350340136054422,7.0,0.0,0.0,7.0,23.0,37.0
validation,2351,direct_mean,2375,RegionF,RealTimeInference,0.8324829931972789,1.0,0.0,0.0,0.0,1.0,6.0
test,2375,direct_mean,2376,RegionA,AITraining,26.300925925925927,0.0,0.0,0.0,0.0,75.0,122.0
test,2375,direct_mean,2376,RegionA,BatchInference,18.751262626262626,11.0,0.0,0.0,16.0,36.0,51.0
test,2375,direct_mean,2376,RegionA,RealTimeInference,9.838804713804715,3.0,0.0,3.0,9.0,16.0,23.0
test,2375,direct_mean,2376,RegionB,AITraining,26.022306397306398,0.0,0.0,0.0,0.0,74.0,122.0
test,2375,direct_mean,2376,RegionB,BatchInference,18.412037037037038,26.0,0.0,0.0,16.0,34.0,50.0
test,2375,direct_mean,2376,RegionB,RealTimeInference,8.332912457912458,11.0,0.0,2.0,7.0,14.0,21.0
test,2375,direct_mean,2376,RegionC,AITraining,24.610690235690235,0.0,0.0,0.0,0.0,68.17000000000007,121.0
test,2375,direct_mean,2376,RegionC,BatchInference,14.478535353535353,0.0,0.0,0.0,12.0,28.0,44.0
test,2375,direct_mean,2376,RegionC,RealTimeInference,7.095538720538721,7.0,0.0,1.0,6.0,13.0,18.0
test,2375,direct_mean,2376,RegionD,AITraining,170.05765993265993,119.0,0.0,47.0,150.0,286.0,404.0
test,2375,direct_mean,2376,RegionD,BatchInference,18.835858585858585,10.0,0.0,0.0,17.0,34.0,52.0
test,2375,direct_mean,2376,RegionD,RealTimeInference,0.8261784511784511,0.0,0.0,0.0,0.0,1.0,6.0
test,2375,direct_mean,2376,RegionE,AITraining,121.13257575757575,111.0,0.0,0.0,107.0,213.0,314.0
test,2375,direct_mean,2376,RegionE,BatchInference,12.241582491582491,34.0,0.0,0.0,9.0,23.0,40.0
test,2375,direct_mean,2376,RegionE,RealTimeInference,1.093013468013468,0.0,0.0,0.0,0.0,3.0,7.0
test,2375,direct_mean,2376,RegionF,AITraining,122.66287878787878,124.0,0.0,0.0,107.0,219.0,330.0
test,2375,direct_mean,2376,RegionF,BatchInference,11.337542087542088,17.0,0.0,0.0,7.0,22.0,37.0
test,2375,direct_mean,2376,RegionF,RealTimeInference,0.8337542087542088,0.0,0.0,0.0,0.0,1.0,6.0
test,2375,direct_mean,2377,RegionA,AITraining,26.300925925925927,0.0,0.0,0.0,0.0,74.0,122.0
test,2375,direct_mean,2377,RegionA,BatchInference,18.751262626262626,35.0,0.0,0.0,16.0,36.0,52.0
test,2375,direct_mean,2377,RegionA,RealTimeInference,9.838804713804715,20.0,0.0,3.0,9.0,16.0,24.0
test,2375,direct_mean,2377,RegionB,AITraining,26.022306397306398,0.0,0.0,0.0,0.0,70.0,120.0
test,2375,direct_mean,2377,RegionB,BatchInference,18.412037037037038,4.0,0.0,0.0,16.0,35.0,51.0
test,2375,direct_mean,2377,RegionB,RealTimeInference,8.332912457912458,6.0,0.0,2.0,7.0,14.0,21.0
test,2375,direct_mean,2377,RegionC,AITraining,24.610690235690235,110.0,0.0,0.0,0.0,69.0,120.0
test,2375,direct_mean,2377,RegionC,BatchInference,14.478535353535353,0.0,0.0,0.0,12.0,29.0,43.0
test,2375,direct_mean,2377,RegionC,RealTimeInference,7.095538720538721,4.0,0.0,1.0,6.0,12.0,18.0
test,2375,direct_mean,2377,RegionD,AITraining,170.05765993265993,209.0,0.0,48.0,149.0,286.0,403.0
test,2375,direct_mean,2377,RegionD,BatchInference,18.835858585858585,0.0,0.0,0.0,17.0,35.0,51.0
test,2375,direct_mean,2377,RegionD,RealTimeInference,0.8261784511784511,0.0,0.0,0.0,0.0,1.0,6.0
test,2375,direct_mean,2377,RegionE,AITraining,121.13257575757575,321.0,0.0,0.0,107.0,217.0,318.0
test,2375,direct_mean,2377,RegionE,BatchInference,12.241582491582491,55.0,0.0,0.0,9.0,23.0,40.0
test,2375,direct_mean,2377,RegionE,RealTimeInference,1.093013468013468,5.0,0.0,0.0,0.0,3.0,7.0
test,2375,direct_mean,2377,RegionF,AITraining,122.66287878787878,321.0,0.0,16.0,108.0,218.0,318.0499999999993
test,2375,direct_mean,2377,RegionF,BatchInference,11.337542087542088,0.0,0.0,0.0,7.0,22.0,37.0
test,2375,direct_mean,2377,RegionF,RealTimeInference,0.8337542087542088,2.0,0.0,0.0,0.0,1.0,6.0
test,2375,direct_mean,2378,RegionA,AITraining,26.300925925925927,0.0,0.0,0.0,0.0,73.0,122.0
test,2375,direct_mean,2378,RegionA,BatchInference,18.751262626262626,0.0,0.0,0.0,16.0,36.0,52.0
test,2375,direct_mean,2378,RegionA,RealTimeInference,9.838804713804715,8.0,0.0,3.0,9.0,16.0,23.0
test,2375,direct_mean,2378,RegionB,AITraining,26.022306397306398,0.0,0.0,0.0,0.0,75.0,121.0
test,2375,direct_mean,2378,RegionB,BatchInference,18.412037037037038,18.0,0.0,0.0,16.0,35.0,51.0
test,2375,direct_mean,2378,RegionB,RealTimeInference,8.332912457912458,5.0,0.0,2.0,7.0,14.0,21.0
test,2375,direct_mean,2378,RegionC,AITraining,24.610690235690235,17.0,0.0,0.0,0.0,71.0,120.0
test,2375,direct_mean,2378,RegionC,BatchInference,14.478535353535353,21.0,0.0,0.0,12.0,29.0,43.0
test,2375,direct_mean,2378,RegionC,RealTimeInference,7.095538720538721,0.0,0.0,1.0,6.0,12.0,18.0
test,2375,direct_mean,2378,RegionD,AITraining,170.05765993265993,147.0,0.0,49.0,151.0,286.0,403.0499999999993
test,2375,direct_mean,2378,RegionD,BatchInference,18.835858585858585,23.0,0.0,0.0,16.0,35.0,51.0
test,2375,direct_mean,2378,RegionD,RealTimeInference,0.8261784511784511,0.0,0.0,0.0,0.0,1.0,6.0
test,2375,direct_mean,2378,RegionE,AITraining,121.13257575757575,335.0,0.0,0.0,107.0,214.0,315.0
test,2375,direct_mean,2378,RegionE,BatchInference,12.241582491582491,42.0,0.0,0.0,9.0,23.0,40.0
test,2375,direct_mean,2378,RegionE,RealTimeInference,1.093013468013468,2.0,0.0,0.0,0.0,3.0,7.0
test,2375,direct_mean,2378,RegionF,AITraining,122.66287878787878,296.0,0.0,0.0,106.0,222.0,327.0
test,2375,direct_mean,2378,RegionF,BatchInference,11.337542087542088,9.0,0.0,0.0,7.0,23.0,37.0
test,2375,direct_mean,2378,RegionF,RealTimeInference,0.8337542087542088,0.0,0.0,0.0,0.0,1.0,6.0
test,2375,direct_mean,2379,RegionA,AITraining,26.300925925925927,0.0,0.0,0.0,0.0,71.0,121.0
test,2375,direct_mean,2379,RegionA,BatchInference,18.751262626262626,38.0,0.0,0.0,16.0,36.0,52.0
test,2375,direct_mean,2379,RegionA,RealTimeInference,9.838804713804715,5.0,0.0,3.0,9.0,16.0,23.0
test,2375,direct_mean,2379,RegionB,AITraining,26.022306397306398,0.0,0.0,0.0,0.0,77.0,121.04999999999927
test,2375,direct_mean,2379,RegionB,BatchInference,18.412037037037038,15.0,0.0,0.0,16.0,34.0,50.0
test,2375,direct_mean,2379,RegionB,RealTimeInference,8.332912457912458,1.0,0.0,2.0,7.0,14.0,21.0
test,2375,direct_mean,2379,RegionC,AITraining,24.610690235690235,0.0,0.0,0.0,0.0,73.0,121.0
test,2375,direct_mean,2379,RegionC,BatchInference,14.478535353535353,28.0,0.0,0.0,12.0,28.0,44.0
test,2375,direct_mean,2379,RegionC,RealTimeInference,7.095538720538721,0.0,0.0,1.0,6.0,12.0,18.0
test,2375,direct_mean,2379,RegionD,AITraining,170.05765993265993,374.0,0.0,47.0,149.0,290.0,406.0
test,2375,direct_mean,2379,RegionD,BatchInference,18.835858585858585,14.0,0.0,0.0,17.0,35.0,52.0
test,2375,direct_mean,2379,RegionD,RealTimeInference,0.8261784511784511,6.0,0.0,0.0,0.0,1.0,6.0
test,2375,direct_mean,2379,RegionE,AITraining,121.13257575757575,70.0,0.0,0.0,107.0,214.0,311.0
test,2375,direct_mean,2379,RegionE,BatchInference,12.241582491582491,0.0,0.0,0.0,9.0,24.0,40.0
test,2375,direct_mean,2379,RegionE,RealTimeInference,1.093013468013468,0.0,0.0,0.0,0.0,3.0,7.0
test,2375,direct_mean,2379,RegionF,AITraining,122.66287878787878,102.0,0.0,16.0,107.0,219.0,319.0
test,2375,direct_mean,2379,RegionF,BatchInference,11.337542087542088,9.0,0.0,0.0,8.0,23.0,38.0
test,2375,direct_mean,2379,RegionF,RealTimeInference,0.8337542087542088,0.0,0.0,0.0,0.0,1.0,6.0
test,2375,direct_mean,2380,RegionA,AITraining,26.300925925925927,122.0,0.0,0.0,0.0,75.0,121.0
test,2375,direct_mean,2380,RegionA,BatchInference,18.751262626262626,0.0,0.0,0.0,16.0,36.0,52.0
test,2375,direct_mean,2380,RegionA,RealTimeInference,9.838804713804715,0.0,0.0,3.0,9.0,16.0,23.0
test,2375,direct_mean,2380,RegionB,AITraining,26.022306397306398,142.0,0.0,0.0,0.0,74.0,120.0
test,2375,direct_mean,2380,RegionB,BatchInference,18.412037037037038,19.0,0.0,0.0,16.0,35.0,50.0
test,2375,direct_mean,2380,RegionB,RealTimeInference,8.332912457912458,9.0,0.0,2.0,7.0,14.0,20.049999999999272
test,2375,direct_mean,2380,RegionC,AITraining,24.610690235690235,0.0,0.0,0.0,0.0,69.0,120.0
test,2375,direct_mean,2380,RegionC,BatchInference,14.478535353535353,22.0,0.0,0.0,12.0,29.0,44.0
test,2375,direct_mean,2380,RegionC,RealTimeInference,7.095538720538721,12.0,0.0,1.0,6.0,12.0,18.0
test,2375,direct_mean,2380,RegionD,AITraining,170.05765993265993,83.0,0.0,47.0,153.0,290.0,411.0
test,2375,direct_mean,2380,RegionD,BatchInference,18.835858585858585,22.0,0.0,0.0,17.0,35.0,51.0
test,2375,direct_mean,2380,RegionD,RealTimeInference,0.8261784511784511,0.0,0.0,0.0,0.0,1.0,6.0
test,2375,direct_mean,2380,RegionE,AITraining,121.13257575757575,73.0,0.0,0.0,108.0,215.0,317.0499999999993
test,2375,direct_mean,2380,RegionE,BatchInference,12.241582491582491,20.0,0.0,0.0,9.0,24.0,40.0
test,2375,direct_mean,2380,RegionE,RealTimeInference,1.093013468013468,0.0,0.0,0.0,0.0,3.0,7.0
test,2375,direct_mean,2380,RegionF,AITraining,122.66287878787878,329.0,0.0,0.0,104.0,220.0,325.0
test,2375,direct_mean,2380,RegionF,BatchInference,11.337542087542088,16.0,0.0,0.0,8.0,23.0,36.04999999999927
test,2375,direct_mean,2380,RegionF,RealTimeInference,0.8337542087542088,0.0,0.0,0.0,0.0,1.0,6.0
test,2375,direct_mean,2381,RegionA,AITraining,26.300925925925927,0.0,0.0,0.0,0.0,73.0,122.0
test,2375,direct_mean,2381,RegionA,BatchInference,18.751262626262626,43.0,0.0,0.0,16.0,35.0,51.0
test,2375,direct_mean,2381,RegionA,RealTimeInference,9.838804713804715,7.0,0.0,3.0,9.0,16.0,23.0
test,2375,direct_mean,2381,RegionB,AITraining,26.022306397306398,71.0,0.0,0.0,0.0,75.0,122.0
test,2375,direct_mean,2381,RegionB,BatchInference,18.412037037037038,4.0,0.0,0.0,16.0,35.0,50.0
test,2375,direct_mean,2381,RegionB,RealTimeInference,8.332912457912458,7.0,0.0,2.0,7.0,14.0,20.0
test,2375,direct_mean,2381,RegionC,AITraining,24.610690235690235,68.0,0.0,0.0,0.0,71.0,121.0
test,2375,direct_mean,2381,RegionC,BatchInference,14.478535353535353,37.0,0.0,0.0,12.0,29.0,44.0
test,2375,direct_mean,2381,RegionC,RealTimeInference,7.095538720538721,12.0,0.0,1.0,6.0,12.0,18.0
test,2375,direct_mean,2381,RegionD,AITraining,170.05765993265993,178.0,0.0,49.0,149.0,286.1700000000001,413.0
test,2375,direct_mean,2381,RegionD,BatchInference,18.835858585858585,0.0,0.0,0.0,17.0,35.0,52.0
test,2375,direct_mean,2381,RegionD,RealTimeInference,0.8261784511784511,0.0,0.0,0.0,0.0,1.0,6.0
test,2375,direct_mean,2381,RegionE,AITraining,121.13257575757575,161.0,0.0,0.0,108.0,216.0,315.0499999999993
test,2375,direct_mean,2381,RegionE,BatchInference,12.241582491582491,7.0,0.0,0.0,9.0,23.0,40.0
test,2375,direct_mean,2381,RegionE,RealTimeInference,1.093013468013468,0.0,0.0,0.0,0.0,3.0,7.0
test,2375,direct_mean,2381,RegionF,AITraining,122.66287878787878,191.0,0.0,16.0,106.0,220.0,328.0
test,2375,direct_mean,2381,RegionF,BatchInference,11.337542087542088,0.0,0.0,0.0,7.0,22.0,37.0
test,2375,direct_mean,2381,RegionF,RealTimeInference,0.8337542087542088,0.0,0.0,0.0,0.0,1.0,6.0
test,2375,direct_mean,2382,RegionA,AITraining,26.300925925925927,0.0,0.0,0.0,0.0,71.0,121.0
test,2375,direct_mean,2382,RegionA,BatchInference,18.751262626262626,19.0,0.0,0.0,16.0,36.0,51.0
test,2375,direct_mean,2382,RegionA,RealTimeInference,9.838804713804715,1.0,0.0,3.0,9.0,16.0,23.0
test,2375,direct_mean,2382,RegionB,AITraining,26.022306397306398,0.0,0.0,0.0,0.0,74.0,120.0
test,2375,direct_mean,2382,RegionB,BatchInference,18.412037037037038,8.0,0.0,0.0,16.0,35.0,51.0
test,2375,direct_mean,2382,RegionB,RealTimeInference,8.332912457912458,7.0,0.0,2.0,7.0,14.0,21.0
test,2375,direct_mean,2382,RegionC,AITraining,24.610690235690235,67.0,0.0,0.0,0.0,69.0,120.0
test,2375,direct_mean,2382,RegionC,BatchInference,14.478535353535353,19.0,0.0,0.0,12.0,28.0,43.0
test,2375,direct_mean,2382,RegionC,RealTimeInference,7.095538720538721,13.0,0.0,1.0,6.0,13.0,19.0
test,2375,direct_mean,2382,RegionD,AITraining,170.05765993265993,91.0,0.0,49.0,151.0,288.0,409.0
test,2375,direct_mean,2382,RegionD,BatchInference,18.835858585858585,19.0,0.0,0.0,17.0,35.0,52.0
test,2375,direct_mean,2382,RegionD,RealTimeInference,0.8261784511784511,7.0,0.0,0.0,0.0,1.0,6.0
test,2375,direct_mean,2382,RegionE,AITraining,121.13257575757575,0.0,0.0,0.0,107.0,213.0,315.0
test,2375,direct_mean,2382,RegionE,BatchInference,12.241582491582491,23.0,0.0,0.0,9.0,23.0,39.0
test,2375,direct_mean,2382,RegionE,RealTimeInference,1.093013468013468,6.0,0.0,0.0,0.0,3.0,7.0
test,2375,direct_mean,2382,RegionF,AITraining,122.66287878787878,180.0,0.0,0.0,106.0,221.0,330.0
test,2375,direct_mean,2382,RegionF,BatchInference,11.337542087542088,0.0,0.0,0.0,7.0,22.0,37.0
test,2375,direct_mean,2382,RegionF,RealTimeInference,0.8337542087542088,1.0,0.0,0.0,0.0,1.0,6.0
test,2375,direct_mean,2383,RegionA,AITraining,26.300925925925927,0.0,0.0,0.0,0.0,75.0,122.0
test,2375,direct_mean,2383,RegionA,BatchInference,18.751262626262626,25.0,0.0,0.0,16.0,36.0,51.0
test,2375,direct_mean,2383,RegionA,RealTimeInference,9.838804713804715,17.0,0.0,3.0,9.0,16.0,23.0
test,2375,direct_mean,2383,RegionB,AITraining,26.022306397306398,0.0,0.0,0.0,0.0,75.0,122.0
test,2375,direct_mean,2383,RegionB,BatchInference,18.412037037037038,33.0,0.0,0.0,16.0,34.0,50.0
test,2375,direct_mean,2383,RegionB,RealTimeInference,8.332912457912458,9.0,0.0,2.0,7.0,14.0,21.0
test,2375,direct_mean,2383,RegionC,AITraining,24.610690235690235,0.0,0.0,0.0,0.0,71.0,120.0
test,2375,direct_mean,2383,RegionC,BatchInference,14.478535353535353,0.0,0.0,0.0,12.0,28.0,43.0
test,2375,direct_mean,2383,RegionC,RealTimeInference,7.095538720538721,2.0,0.0,1.0,6.0,12.0,18.0
test,2375,direct_mean,2383,RegionD,AITraining,170.05765993265993,112.0,0.0,48.0,151.0,286.0,412.0
test,2375,direct_mean,2383,RegionD,BatchInference,18.835858585858585,17.0,0.0,0.0,17.0,35.0,52.0
test,2375,direct_mean,2383,RegionD,RealTimeInference,0.8261784511784511,0.0,0.0,0.0,0.0,1.0,6.0
test,2375,direct_mean,2383,RegionE,AITraining,121.13257575757575,286.0,0.0,0.0,107.0,215.0,317.0
test,2375,direct_mean,2383,RegionE,BatchInference,12.241582491582491,14.0,0.0,0.0,9.0,23.0,40.0
test,2375,direct_mean,2383,RegionE,RealTimeInference,1.093013468013468,0.0,0.0,0.0,0.0,3.0,7.0
test,2375,direct_mean,2383,RegionF,AITraining,122.66287878787878,159.0,0.0,0.0,106.0,214.0,325.0
test,2375,direct_mean,2383,RegionF,BatchInference,11.337542087542088,0.0,0.0,0.0,7.0,23.0,36.0
test,2375,direct_mean,2383,RegionF,RealTimeInference,0.8337542087542088,0.0,0.0,0.0,0.0,1.0,6.0
test,2375,direct_mean,2384,RegionA,AITraining,26.300925925925927,0.0,0.0,0.0,0.0,74.0,122.0
test,2375,direct_mean,2384,RegionA,BatchInference,18.751262626262626,0.0,0.0,0.0,16.0,35.0,52.0
test,2375,direct_mean,2384,RegionA,RealTimeInference,9.838804713804715,12.0,0.0,3.0,9.0,17.0,23.0
test,2375,direct_mean,2384,RegionB,AITraining,26.022306397306398,78.0,0.0,0.0,0.0,73.0,120.0
test,2375,direct_mean,2384,RegionB,BatchInference,18.412037037037038,0.0,0.0,0.0,16.0,34.0,50.0
test,2375,direct_mean,2384,RegionB,RealTimeInference,8.332912457912458,7.0,0.0,2.0,7.0,15.0,21.0
test,2375,direct_mean,2384,RegionC,AITraining,24.610690235690235,0.0,0.0,0.0,0.0,72.17000000000007,121.04999999999927
test,2375,direct_mean,2384,RegionC,BatchInference,14.478535353535353,17.0,0.0,0.0,12.0,29.0,43.0
test,2375,direct_mean,2384,RegionC,RealTimeInference,7.095538720538721,6.0,0.0,0.0,6.0,12.0,18.0
test,2375,direct_mean,2384,RegionD,AITraining,170.05765993265993,68.0,0.0,47.0,148.0,286.0,401.09999999999854
test,2375,direct_mean,2384,RegionD,BatchInference,18.835858585858585,6.0,0.0,0.0,17.0,35.0,52.0
test,2375,direct_mean,2384,RegionD,RealTimeInference,0.8261784511784511,0.0,0.0,0.0,0.0,1.0,6.0
test,2375,direct_mean,2384,RegionE,AITraining,121.13257575757575,153.0,0.0,0.0,107.0,216.0,319.0499999999993
test,2375,direct_mean,2384,RegionE,BatchInference,12.241582491582491,6.0,0.0,0.0,9.0,23.0,39.0
test,2375,direct_mean,2384,RegionE,RealTimeInference,1.093013468013468,4.0,0.0,0.0,0.0,3.0,7.0
test,2375,direct_mean,2384,RegionF,AITraining,122.66287878787878,179.0,0.0,0.0,109.0,224.0,331.0
test,2375,direct_mean,2384,RegionF,BatchInference,11.337542087542088,0.0,0.0,0.0,7.0,23.0,37.0
test,2375,direct_mean,2384,RegionF,RealTimeInference,0.8337542087542088,0.0,0.0,0.0,0.0,1.0,6.0
test,2375,direct_mean,2385,RegionA,AITraining,26.300925925925927,0.0,0.0,0.0,0.0,72.0,121.0
test,2375,direct_mean,2385,RegionA,BatchInference,18.751262626262626,0.0,0.0,0.0,16.0,36.0,52.0
test,2375,direct_mean,2385,RegionA,RealTimeInference,9.838804713804715,5.0,0.0,3.0,9.0,16.170000000000073,23.0
test,2375,direct_mean,2385,RegionB,AITraining,26.022306397306398,0.0,0.0,0.0,0.0,74.0,122.0
test,2375,direct_mean,2385,RegionB,BatchInference,18.412037037037038,33.0,0.0,0.0,16.0,34.0,50.0
test,2375,direct_mean,2385,RegionB,RealTimeInference,8.332912457912458,12.0,0.0,2.0,7.0,14.0,20.0
test,2375,direct_mean,2385,RegionC,AITraining,24.610690235690235,0.0,0.0,0.0,0.0,71.0,121.0
test,2375,direct_mean,2385,RegionC,BatchInference,14.478535353535353,35.0,0.0,0.0,12.0,29.0,43.0
test,2375,direct_mean,2385,RegionC,RealTimeInference,7.095538720538721,5.0,0.0,1.0,6.0,13.0,18.0
test,2375,direct_mean,2385,RegionD,AITraining,170.05765993265993,64.0,0.0,46.0,149.0,289.0,412.0
test,2375,direct_mean,2385,RegionD,BatchInference,18.835858585858585,34.0,0.0,0.0,17.0,35.0,52.0
test,2375,direct_mean,2385,RegionD,RealTimeInference,0.8261784511784511,0.0,0.0,0.0,0.0,1.0,6.0
test,2375,direct_mean,2385,RegionE,AITraining,121.13257575757575,144.0,0.0,0.0,106.0,214.0,315.0499999999993
test,2375,direct_mean,2385,RegionE,BatchInference,12.241582491582491,0.0,0.0,0.0,9.0,24.0,41.0
test,2375,direct_mean,2385,RegionE,RealTimeInference,1.093013468013468,0.0,0.0,0.0,0.0,3.0,7.0
test,2375,direct_mean,2385,RegionF,AITraining,122.66287878787878,393.0,0.0,0.0,107.0,219.0,319.0
test,2375,direct_mean,2385,RegionF,BatchInference,11.337542087542088,0.0,0.0,0.0,7.0,23.0,37.0
test,2375,direct_mean,2385,RegionF,RealTimeInference,0.8337542087542088,7.0,0.0,0.0,0.0,1.0,6.0
test,2375,direct_mean,2386,RegionA,AITraining,26.300925925925927,0.0,0.0,0.0,0.0,73.0,122.0
test,2375,direct_mean,2386,RegionA,BatchInference,18.751262626262626,15.0,0.0,0.0,16.0,36.0,52.0
test,2375,direct_mean,2386,RegionA,RealTimeInference,9.838804713804715,6.0,0.0,3.0,9.0,16.0,23.0
test,2375,direct_mean,2386,RegionB,AITraining,26.022306397306398,113.0,0.0,0.0,0.0,75.0,120.0
test,2375,direct_mean,2386,RegionB,BatchInference,18.412037037037038,51.0,0.0,0.0,16.0,35.0,51.0
test,2375,direct_mean,2386,RegionB,RealTimeInference,8.332912457912458,18.0,0.0,2.0,7.0,14.0,21.0
test,2375,direct_mean,2386,RegionC,AITraining,24.610690235690235,0.0,0.0,0.0,0.0,71.0,121.0
test,2375,direct_mean,2386,RegionC,BatchInference,14.478535353535353,14.0,0.0,0.0,12.0,28.0,43.0
test,2375,direct_mean,2386,RegionC,RealTimeInference,7.095538720538721,5.0,0.0,0.0,6.0,12.0,18.0
test,2375,direct_mean,2386,RegionD,AITraining,170.05765993265993,116.0,0.0,48.0,153.0,289.0,407.0
test,2375,direct_mean,2386,RegionD,BatchInference,18.835858585858585,60.0,0.0,0.0,17.0,35.0,52.0
test,2375,direct_mean,2386,RegionD,RealTimeInference,0.8261784511784511,4.0,0.0,0.0,0.0,1.0,6.0
test,2375,direct_mean,2386,RegionE,AITraining,121.13257575757575,101.0,0.0,0.0,108.0,216.17000000000007,317.0
test,2375,direct_mean,2386,RegionE,BatchInference,12.241582491582491,17.0,0.0,0.0,9.0,23.0,41.0
test,2375,direct_mean,2386,RegionE,RealTimeInference,1.093013468013468,0.0,0.0,0.0,0.0,3.0,7.0
test,2375,direct_mean,2386,RegionF,AITraining,122.66287878787878,114.0,0.0,0.0,105.0,217.0,325.0
test,2375,direct_mean,2386,RegionF,BatchInference,11.337542087542088,12.0,0.0,0.0,8.0,23.0,37.0
test,2375,direct_mean,2386,RegionF,RealTimeInference,0.8337542087542088,0.0,0.0,0.0,0.0,1.0,6.0
test,2375,direct_mean,2387,RegionA,AITraining,26.300925925925927,0.0,0.0,0.0,0.0,75.0,122.0
test,2375,direct_mean,2387,RegionA,BatchInference,18.751262626262626,16.0,0.0,0.0,16.0,35.0,51.0
test,2375,direct_mean,2387,RegionA,RealTimeInference,9.838804713804715,11.0,0.0,3.0,9.0,16.0,23.0
test,2375,direct_mean,2387,RegionB,AITraining,26.022306397306398,0.0,0.0,0.0,0.0,74.0,122.0
test,2375,direct_mean,2387,RegionB,BatchInference,18.412037037037038,33.0,0.0,0.0,16.0,35.0,52.0
test,2375,direct_mean,2387,RegionB,RealTimeInference,8.332912457912458,15.0,0.0,2.0,7.0,14.0,20.0
test,2375,direct_mean,2387,RegionC,AITraining,24.610690235690235,91.0,0.0,0.0,0.0,69.0,121.0
test,2375,direct_mean,2387,RegionC,BatchInference,14.478535353535353,0.0,0.0,0.0,12.0,28.0,43.0
test,2375,direct_mean,2387,RegionC,RealTimeInference,7.095538720538721,25.0,0.0,1.0,6.0,12.0,18.0
test,2375,direct_mean,2387,RegionD,AITraining,170.05765993265993,126.0,0.0,47.0,149.0,286.0,411.0
test,2375,direct_mean,2387,RegionD,BatchInference,18.835858585858585,15.0,0.0,0.0,17.0,35.0,51.0
test,2375,direct_mean,2387,RegionD,RealTimeInference,0.8261784511784511,0.0,0.0,0.0,0.0,1.0,6.0
test,2375,direct_mean,2387,RegionE,AITraining,121.13257575757575,368.0,0.0,0.0,105.0,213.0,316.0
test,2375,direct_mean,2387,RegionE,BatchInference,12.241582491582491,68.0,0.0,0.0,9.0,24.0,40.0
test,2375,direct_mean,2387,RegionE,RealTimeInference,1.093013468013468,0.0,0.0,0.0,0.0,3.0,7.0
test,2375,direct_mean,2387,RegionF,AITraining,122.66287878787878,226.0,0.0,0.0,106.0,217.0,327.0499999999993
test,2375,direct_mean,2387,RegionF,BatchInference,11.337542087542088,0.0,0.0,0.0,7.0,23.0,37.0
test,2375,direct_mean,2387,RegionF,RealTimeInference,0.8337542087542088,0.0,0.0,0.0,0.0,1.0,6.0
test,2375,direct_mean,2388,RegionA,AITraining,26.300925925925927,103.0,0.0,0.0,0.0,73.0,122.0
test,2375,direct_mean,2388,RegionA,BatchInference,18.751262626262626,85.0,0.0,0.0,17.0,37.0,53.0
test,2375,direct_mean,2388,RegionA,RealTimeInference,9.838804713804715,15.0,0.0,3.0,9.0,17.0,23.0
test,2375,direct_mean,2388,RegionB,AITraining,26.022306397306398,0.0,0.0,0.0,0.0,78.0,122.0
test,2375,direct_mean,2388,RegionB,BatchInference,18.412037037037038,10.0,0.0,0.0,16.0,35.0,51.0
test,2375,direct_mean,2388,RegionB,RealTimeInference,8.332912457912458,1.0,0.0,2.0,7.0,14.0,20.0
test,2375,direct_mean,2388,RegionC,AITraining,24.610690235690235,0.0,0.0,0.0,0.0,71.0,119.0
test,2375,direct_mean,2388,RegionC,BatchInference,14.478535353535353,18.0,0.0,0.0,12.0,29.0,44.0
test,2375,direct_mean,2388,RegionC,RealTimeInference,7.095538720538721,0.0,0.0,0.0,6.0,12.0,18.0
test,2375,direct_mean,2388,RegionD,AITraining,170.05765993265993,59.0,0.0,48.0,150.0,288.0,408.0
test,2375,direct_mean,2388,RegionD,BatchInference,18.835858585858585,33.0,0.0,0.0,17.0,35.0,52.0
test,2375,direct_mean,2388,RegionD,RealTimeInference,0.8261784511784511,0.0,0.0,0.0,0.0,1.0,6.0
test,2375,direct_mean,2388,RegionE,AITraining,121.13257575757575,0.0,0.0,0.0,107.0,216.0,319.0
test,2375,direct_mean,2388,RegionE,BatchInference,12.241582491582491,0.0,0.0,0.0,9.0,24.0,40.0
test,2375,direct_mean,2388,RegionE,RealTimeInference,1.093013468013468,0.0,0.0,0.0,0.0,3.0,7.0
test,2375,direct_mean,2388,RegionF,AITraining,122.66287878787878,345.0,0.0,0.0,106.0,219.0,320.0
test,2375,direct_mean,2388,RegionF,BatchInference,11.337542087542088,0.0,0.0,0.0,8.0,23.0,38.0
test,2375,direct_mean,2388,RegionF,RealTimeInference,0.8337542087542088,0.0,0.0,0.0,0.0,1.0,6.0
test,2375,direct_mean,2389,RegionA,AITraining,26.300925925925927,0.0,0.0,0.0,0.0,73.0,121.0
test,2375,direct_mean,2389,RegionA,BatchInference,18.751262626262626,21.0,0.0,0.0,16.0,36.0,52.0
test,2375,direct_mean,2389,RegionA,RealTimeInference,9.838804713804715,14.0,0.0,3.0,9.0,16.0,23.0
test,2375,direct_mean,2389,RegionB,AITraining,26.022306397306398,59.0,0.0,0.0,0.0,73.0,120.0
test,2375,direct_mean,2389,RegionB,BatchInference,18.412037037037038,13.0,0.0,0.0,16.0,34.0,50.0
test,2375,direct_mean,2389,RegionB,RealTimeInference,8.332912457912458,0.0,0.0,2.0,7.0,14.0,21.0
test,2375,direct_mean,2389,RegionC,AITraining,24.610690235690235,0.0,0.0,0.0,0.0,71.0,119.04999999999927
test,2375,direct_mean,2389,RegionC,BatchInference,14.478535353535353,6.0,0.0,0.0,12.0,28.0,44.0
test,2375,direct_mean,2389,RegionC,RealTimeInference,7.095538720538721,7.0,0.0,1.0,6.0,13.0,19.0
test,2375,direct_mean,2389,RegionD,AITraining,170.05765993265993,276.0,0.0,46.0,147.0,283.0,406.0
test,2375,direct_mean,2389,RegionD,BatchInference,18.835858585858585,0.0,0.0,0.0,17.0,35.0,51.0
test,2375,direct_mean,2389,RegionD,RealTimeInference,0.8261784511784511,0.0,0.0,0.0,0.0,1.0,6.0
test,2375,direct_mean,2389,RegionE,AITraining,121.13257575757575,128.0,0.0,0.0,108.0,217.0,316.0
test,2375,direct_mean,2389,RegionE,BatchInference,12.241582491582491,22.0,0.0,0.0,9.0,24.0,39.0
test,2375,direct_mean,2389,RegionE,RealTimeInference,1.093013468013468,0.0,0.0,0.0,0.0,3.0,7.0
test,2375,direct_mean,2389,RegionF,AITraining,122.66287878787878,41.0,0.0,0.0,107.0,217.0,328.0
test,2375,direct_mean,2389,RegionF,BatchInference,11.337542087542088,7.0,0.0,0.0,7.0,23.0,38.0
test,2375,direct_mean,2389,RegionF,RealTimeInference,0.8337542087542088,0.0,0.0,0.0,0.0,1.0,6.0
test,2375,direct_mean,2390,RegionA,AITraining,26.300925925925927,0.0,0.0,0.0,0.0,73.0,120.0
test,2375,direct_mean,2390,RegionA,BatchInference,18.751262626262626,16.0,0.0,0.0,16.0,35.0,51.0
test,2375,direct_mean,2390,RegionA,RealTimeInference,9.838804713804715,0.0,0.0,3.0,9.0,16.0,23.0
test,2375,direct_mean,2390,RegionB,AITraining,26.022306397306398,0.0,0.0,0.0,0.0,76.0,121.0
test,2375,direct_mean,2390,RegionB,BatchInference,18.412037037037038,30.0,0.0,0.0,16.0,34.0,50.0
test,2375,direct_mean,2390,RegionB,RealTimeInference,8.332912457912458,8.0,0.0,2.0,7.0,14.0,21.0
test,2375,direct_mean,2390,RegionC,AITraining,24.610690235690235,0.0,0.0,0.0,0.0,73.0,119.0
test,2375,direct_mean,2390,RegionC,BatchInference,14.478535353535353,0.0,0.0,0.0,12.0,28.0,44.0
test,2375,direct_mean,2390,RegionC,RealTimeInference,7.095538720538721,7.0,0.0,1.0,6.0,12.0,18.0
test,2375,direct_mean,2390,RegionD,AITraining,170.05765993265993,299.0,0.0,49.0,151.0,286.1700000000001,408.0
test,2375,direct_mean,2390,RegionD,BatchInference,18.835858585858585,54.0,0.0,0.0,16.0,35.0,51.0
test,2375,direct_mean,2390,RegionD,RealTimeInference,0.8261784511784511,0.0,0.0,0.0,0.0,1.0,6.0
test,2375,direct_mean,2390,RegionE,AITraining,121.13257575757575,517.0,0.0,0.0,109.0,214.0,315.0
test,2375,direct_mean,2390,RegionE,BatchInference,12.241582491582491,16.0,0.0,0.0,9.0,24.0,40.0
test,2375,direct_mean,2390,RegionE,RealTimeInference,1.093013468013468,0.0,0.0,0.0,0.0,3.0,7.0
test,2375,direct_mean,2390,RegionF,AITraining,122.66287878787878,87.0,0.0,0.0,106.0,217.0,325.0
test,2375,direct_mean,2390,RegionF,BatchInference,11.337542087542088,15.0,0.0,0.0,7.0,23.0,38.0
test,2375,direct_mean,2390,RegionF,RealTimeInference,0.8337542087542088,0.0,0.0,0.0,0.0,1.0,6.0
test,2375,direct_mean,2391,RegionA,AITraining,26.300925925925927,101.0,0.0,0.0,0.0,79.0,124.0
test,2375,direct_mean,2391,RegionA,BatchInference,18.751262626262626,34.0,0.0,0.0,17.0,36.0,52.0
test,2375,direct_mean,2391,RegionA,RealTimeInference,9.838804713804715,8.0,0.0,3.0,9.0,16.0,24.0
test,2375,direct_mean,2391,RegionB,AITraining,26.022306397306398,54.0,0.0,0.0,0.0,74.0,121.0
test,2375,direct_mean,2391,RegionB,BatchInference,18.412037037037038,29.0,0.0,0.0,16.0,34.0,50.0
test,2375,direct_mean,2391,RegionB,RealTimeInference,8.332912457912458,8.0,0.0,2.0,7.0,14.0,20.0
test,2375,direct_mean,2391,RegionC,AITraining,24.610690235690235,0.0,0.0,0.0,0.0,70.0,121.0
test,2375,direct_mean,2391,RegionC,BatchInference,14.478535353535353,0.0,0.0,0.0,12.0,28.0,43.0
test,2375,direct_mean,2391,RegionC,RealTimeInference,7.095538720538721,8.0,0.0,0.0,6.0,13.0,18.0
test,2375,direct_mean,2391,RegionD,AITraining,170.05765993265993,142.0,0.0,47.0,151.0,290.0,412.0
test,2375,direct_mean,2391,RegionD,BatchInference,18.835858585858585,0.0,0.0,0.0,17.0,35.0,52.0
test,2375,direct_mean,2391,RegionD,RealTimeInference,0.8261784511784511,2.0,0.0,0.0,0.0,1.0,6.0
test,2375,direct_mean,2391,RegionE,AITraining,121.13257575757575,297.0,0.0,0.0,106.0,213.17000000000007,315.0
test,2375,direct_mean,2391,RegionE,BatchInference,12.241582491582491,14.0,0.0,0.0,10.0,23.0,39.0
test,2375,direct_mean,2391,RegionE,RealTimeInference,1.093013468013468,5.0,0.0,0.0,0.0,3.0,7.0
test,2375,direct_mean,2391,RegionF,AITraining,122.66287878787878,58.0,0.0,0.0,105.0,217.0,328.0
test,2375,direct_mean,2391,RegionF,BatchInference,11.337542087542088,21.0,0.0,0.0,8.0,23.0,36.04999999999927
test,2375,direct_mean,2391,RegionF,RealTimeInference,0.8337542087542088,0.0,0.0,0.0,0.0,1.0,6.0
test,2375,direct_mean,2392,RegionA,AITraining,26.300925925925927,0.0,0.0,0.0,0.0,72.0,121.0
test,2375,direct_mean,2392,RegionA,BatchInference,18.751262626262626,53.0,0.0,0.0,16.0,35.0,53.0
test,2375,direct_mean,2392,RegionA,RealTimeInference,9.838804713804715,6.0,0.0,3.0,9.0,16.0,23.0
test,2375,direct_mean,2392,RegionB,AITraining,26.022306397306398,0.0,0.0,0.0,0.0,76.0,120.0
test,2375,direct_mean,2392,RegionB,BatchInference,18.412037037037038,8.0,0.0,0.0,16.0,35.0,51.0
test,2375,direct_mean,2392,RegionB,RealTimeInference,8.332912457912458,3.0,0.0,2.0,7.0,14.0,21.0
test,2375,direct_mean,2392,RegionC,AITraining,24.610690235690235,18.0,0.0,0.0,0.0,71.0,122.0
test,2375,direct_mean,2392,RegionC,BatchInference,14.478535353535353,14.0,0.0,0.0,12.0,29.0,44.0
test,2375,direct_mean,2392,RegionC,RealTimeInference,7.095538720538721,2.0,0.0,1.0,6.0,12.0,18.0
test,2375,direct_mean,2392,RegionD,AITraining,170.05765993265993,221.0,0.0,48.0,152.0,291.0,414.0
test,2375,direct_mean,2392,RegionD,BatchInference,18.835858585858585,29.0,0.0,0.0,17.0,34.0,51.0
test,2375,direct_mean,2392,RegionD,RealTimeInference,0.8261784511784511,0.0,0.0,0.0,0.0,1.0,6.0
test,2375,direct_mean,2392,RegionE,AITraining,121.13257575757575,104.0,0.0,0.0,107.0,214.0,317.0
test,2375,direct_mean,2392,RegionE,BatchInference,12.241582491582491,9.0,0.0,0.0,9.0,23.0,39.0
test,2375,direct_mean,2392,RegionE,RealTimeInference,1.093013468013468,5.0,0.0,0.0,0.0,3.0,7.0
test,2375,direct_mean,2392,RegionF,AITraining,122.66287878787878,250.0,0.0,0.0,106.0,217.0,324.0
test,2375,direct_mean,2392,RegionF,BatchInference,11.337542087542088,0.0,0.0,0.0,7.0,23.0,38.0
test,2375,direct_mean,2392,RegionF,RealTimeInference,0.8337542087542088,1.0,0.0,0.0,0.0,1.0,6.0
test,2375,direct_mean,2393,RegionA,AITraining,26.300925925925927,0.0,0.0,0.0,0.0,72.0,121.0
test,2375,direct_mean,2393,RegionA,BatchInference,18.751262626262626,15.0,0.0,0.0,16.0,36.0,52.0
test,2375,direct_mean,2393,RegionA,RealTimeInference,9.838804713804715,19.0,0.0,3.0,9.0,16.0,23.0
test,2375,direct_mean,2393,RegionB,AITraining,26.022306397306398,0.0,0.0,0.0,0.0,74.0,121.0
test,2375,direct_mean,2393,RegionB,BatchInference,18.412037037037038,0.0,0.0,0.0,16.0,35.0,51.0
test,2375,direct_mean,2393,RegionB,RealTimeInference,8.332912457912458,13.0,0.0,2.0,7.0,14.0,20.0
test,2375,direct_mean,2393,RegionC,AITraining,24.610690235690235,0.0,0.0,0.0,0.0,69.0,120.0
test,2375,direct_mean,2393,RegionC,BatchInference,14.478535353535353,18.0,0.0,0.0,12.0,28.0,43.0
test,2375,direct_mean,2393,RegionC,RealTimeInference,7.095538720538721,4.0,0.0,1.0,6.0,13.0,18.0
test,2375,direct_mean,2393,RegionD,AITraining,170.05765993265993,22.0,0.0,50.0,149.0,286.0,409.0
test,2375,direct_mean,2393,RegionD,BatchInference,18.835858585858585,21.0,0.0,0.0,16.0,35.0,52.0
test,2375,direct_mean,2393,RegionD,RealTimeInference,0.8261784511784511,0.0,0.0,0.0,0.0,1.0,6.0
test,2375,direct_mean,2393,RegionE,AITraining,121.13257575757575,0.0,0.0,0.0,107.0,215.0,316.0
test,2375,direct_mean,2393,RegionE,BatchInference,12.241582491582491,0.0,0.0,0.0,9.0,23.0,41.0
test,2375,direct_mean,2393,RegionE,RealTimeInference,1.093013468013468,0.0,0.0,0.0,0.0,3.0,7.0
test,2375,direct_mean,2393,RegionF,AITraining,122.66287878787878,223.0,0.0,0.0,108.0,221.0,328.0
test,2375,direct_mean,2393,RegionF,BatchInference,11.337542087542088,23.0,0.0,0.0,8.0,23.0,37.0
test,2375,direct_mean,2393,RegionF,RealTimeInference,0.8337542087542088,0.0,0.0,0.0,0.0,1.0,6.0
test,2375,direct_mean,2394,RegionA,AITraining,26.300925925925927,0.0,0.0,0.0,0.0,73.0,122.0
test,2375,direct_mean,2394,RegionA,BatchInference,18.751262626262626,16.0,0.0,0.0,17.0,36.0,52.0
test,2375,direct_mean,2394,RegionA,RealTimeInference,9.838804713804715,4.0,0.0,3.0,9.0,16.0,23.0
test,2375,direct_mean,2394,RegionB,AITraining,26.022306397306398,0.0,0.0,0.0,0.0,74.0,121.0
test,2375,direct_mean,2394,RegionB,BatchInference,18.412037037037038,61.0,0.0,0.0,16.0,34.0,50.0
test,2375,direct_mean,2394,RegionB,RealTimeInference,8.332912457912458,17.0,0.0,2.0,7.0,14.0,21.0
test,2375,direct_mean,2394,RegionC,AITraining,24.610690235690235,0.0,0.0,0.0,0.0,69.0,118.0
test,2375,direct_mean,2394,RegionC,BatchInference,14.478535353535353,0.0,0.0,0.0,12.0,29.0,43.0
test,2375,direct_mean,2394,RegionC,RealTimeInference,7.095538720538721,0.0,0.0,0.0,6.0,13.0,18.0
test,2375,direct_mean,2394,RegionD,AITraining,170.05765993265993,214.0,0.0,45.0,148.5,287.0,409.09999999999854
test,2375,direct_mean,2394,RegionD,BatchInference,18.835858585858585,41.0,0.0,0.0,17.0,35.0,52.0
test,2375,direct_mean,2394,RegionD,RealTimeInference,0.8261784511784511,0.0,0.0,0.0,0.0,1.0,6.0
test,2375,direct_mean,2394,RegionE,AITraining,121.13257575757575,261.0,0.0,0.0,106.0,214.0,314.0
test,2375,direct_mean,2394,RegionE,BatchInference,12.241582491582491,17.0,0.0,0.0,9.0,23.0,39.04999999999927
test,2375,direct_mean,2394,RegionE,RealTimeInference,1.093013468013468,0.0,0.0,0.0,0.0,3.0,7.0
test,2375,direct_mean,2394,RegionF,AITraining,122.66287878787878,339.0,0.0,0.0,104.0,217.0,325.0
test,2375,direct_mean,2394,RegionF,BatchInference,11.337542087542088,17.0,0.0,0.0,7.0,23.0,38.0
test,2375,direct_mean,2394,RegionF,RealTimeInference,0.8337542087542088,0.0,0.0,0.0,0.0,1.0,6.0
test,2375,direct_mean,2395,RegionA,AITraining,26.300925925925927,0.0,0.0,0.0,0.0,73.0,121.0
test,2375,direct_mean,2395,RegionA,BatchInference,18.751262626262626,19.0,0.0,0.0,16.0,36.0,51.0
test,2375,direct_mean,2395,RegionA,RealTimeInference,9.838804713804715,12.0,0.0,3.0,9.0,16.0,24.0
test,2375,direct_mean,2395,RegionB,AITraining,26.022306397306398,110.0,0.0,0.0,0.0,75.0,120.0
test,2375,direct_mean,2395,RegionB,BatchInference,18.412037037037038,0.0,0.0,0.0,16.0,35.0,51.0
test,2375,direct_mean,2395,RegionB,RealTimeInference,8.332912457912458,4.0,0.0,2.0,7.0,14.0,20.0
test,2375,direct_mean,2395,RegionC,AITraining,24.610690235690235,0.0,0.0,0.0,0.0,73.0,121.0
test,2375,direct_mean,2395,RegionC,BatchInference,14.478535353535353,8.0,0.0,0.0,12.0,29.0,44.0
test,2375,direct_mean,2395,RegionC,RealTimeInference,7.095538720538721,5.0,0.0,1.0,6.0,12.0,18.0
test,2375,direct_mean,2395,RegionD,AITraining,170.05765993265993,112.0,0.0,50.0,154.0,290.0,412.0
test,2375,direct_mean,2395,RegionD,BatchInference,18.835858585858585,42.0,0.0,0.0,17.0,35.0,51.0
test,2375,direct_mean,2395,RegionD,RealTimeInference,0.8261784511784511,3.0,0.0,0.0,0.0,1.0,6.0
test,2375,direct_mean,2395,RegionE,AITraining,121.13257575757575,269.0,0.0,0.0,108.0,220.0,327.0
test,2375,direct_mean,2395,RegionE,BatchInference,12.241582491582491,0.0,0.0,0.0,9.0,23.0,39.0
test,2375,direct_mean,2395,RegionE,RealTimeInference,1.093013468013468,0.0,0.0,0.0,0.0,3.0,7.0
test,2375,direct_mean,2395,RegionF,AITraining,122.66287878787878,149.0,0.0,0.0,105.0,220.0,330.0
test,2375,direct_mean,2395,RegionF,BatchInference,11.337542087542088,0.0,0.0,0.0,7.0,23.0,37.0
test,2375,direct_mean,2395,RegionF,RealTimeInference,0.8337542087542088,0.0,0.0,0.0,0.0,1.0,6.0
test,2375,direct_mean,2396,RegionA,AITraining,26.300925925925927,95.0,0.0,0.0,0.0,73.0,122.0
test,2375,direct_mean,2396,RegionA,BatchInference,18.751262626262626,6.0,0.0,0.0,16.0,36.0,52.0
test,2375,direct_mean,2396,RegionA,RealTimeInference,9.838804713804715,16.0,0.0,3.0,9.0,16.0,23.0
test,2375,direct_mean,2396,RegionB,AITraining,26.022306397306398,51.0,0.0,0.0,0.0,74.0,120.0
test,2375,direct_mean,2396,RegionB,BatchInference,18.412037037037038,17.0,0.0,0.0,16.0,34.0,50.0
test,2375,direct_mean,2396,RegionB,RealTimeInference,8.332912457912458,14.0,0.0,2.0,7.0,14.0,21.0
test,2375,direct_mean,2396,RegionC,AITraining,24.610690235690235,0.0,0.0,0.0,0.0,74.0,122.0
test,2375,direct_mean,2396,RegionC,BatchInference,14.478535353535353,25.0,0.0,0.0,12.0,29.0,43.0
test,2375,direct_mean,2396,RegionC,RealTimeInference,7.095538720538721,7.0,0.0,1.0,6.0,13.0,18.0
test,2375,direct_mean,2396,RegionD,AITraining,170.05765993265993,176.0,0.0,47.0,149.0,290.0,411.0
test,2375,direct_mean,2396,RegionD,BatchInference,18.835858585858585,59.0,0.0,0.0,17.0,36.0,52.0
test,2375,direct_mean,2396,RegionD,RealTimeInference,0.8261784511784511,0.0,0.0,0.0,0.0,1.0,6.0
test,2375,direct_mean,2396,RegionE,AITraining,121.13257575757575,105.0,0.0,0.0,106.0,213.0,312.0
test,2375,direct_mean,2396,RegionE,BatchInference,12.241582491582491,16.0,0.0,0.0,9.0,23.0,40.0
test,2375,direct_mean,2396,RegionE,RealTimeInference,1.093013468013468,0.0,0.0,0.0,0.0,3.0,7.0
test,2375,direct_mean,2396,RegionF,AITraining,122.66287878787878,121.0,0.0,0.0,107.0,219.0,323.0
test,2375,direct_mean,2396,RegionF,BatchInference,11.337542087542088,14.0,0.0,0.0,7.0,23.0,37.0
test,2375,direct_mean,2396,RegionF,RealTimeInference,0.8337542087542088,0.0,0.0,0.0,0.0,1.0,6.0
test,2375,direct_mean,2397,RegionA,AITraining,26.300925925925927,158.0,0.0,0.0,0.0,73.0,122.0
test,2375,direct_mean,2397,RegionA,BatchInference,18.751262626262626,46.0,0.0,0.0,16.0,36.0,51.0
test,2375,direct_mean,2397,RegionA,RealTimeInference,9.838804713804715,0.0,0.0,3.0,9.0,16.0,23.0
test,2375,direct_mean,2397,RegionB,AITraining,26.022306397306398,0.0,0.0,0.0,0.0,75.0,124.0
test,2375,direct_mean,2397,RegionB,BatchInference,18.412037037037038,19.0,0.0,0.0,16.0,36.0,51.0
test,2375,direct_mean,2397,RegionB,RealTimeInference,8.332912457912458,7.0,0.0,2.0,7.0,14.0,20.0
test,2375,direct_mean,2397,RegionC,AITraining,24.610690235690235,0.0,0.0,0.0,0.0,71.0,120.0
test,2375,direct_mean,2397,RegionC,BatchInference,14.478535353535353,16.0,0.0,0.0,12.0,28.0,43.0
test,2375,direct_mean,2397,RegionC,RealTimeInference,7.095538720538721,0.0,0.0,1.0,6.0,12.0,18.0
test,2375,direct_mean,2397,RegionD,AITraining,170.05765993265993,37.0,0.0,48.0,149.0,285.0,406.0
test,2375,direct_mean,2397,RegionD,BatchInference,18.835858585858585,27.0,0.0,0.0,16.0,34.0,52.0
test,2375,direct_mean,2397,RegionD,RealTimeInference,0.8261784511784511,0.0,0.0,0.0,0.0,1.0,6.0
test,2375,direct_mean,2397,RegionE,AITraining,121.13257575757575,109.0,0.0,0.0,108.0,215.0,320.0
test,2375,direct_mean,2397,RegionE,BatchInference,12.241582491582491,39.0,0.0,0.0,9.0,23.0,40.0
test,2375,direct_mean,2397,RegionE,RealTimeInference,1.093013468013468,0.0,0.0,0.0,0.0,3.0,7.0
test,2375,direct_mean,2397,RegionF,AITraining,122.66287878787878,76.0,0.0,0.0,104.0,215.0,319.0
test,2375,direct_mean,2397,RegionF,BatchInference,11.337542087542088,39.0,0.0,0.0,7.0,22.0,38.0
test,2375,direct_mean,2397,RegionF,RealTimeInference,0.8337542087542088,0.0,0.0,0.0,0.0,1.0,6.0
test,2375,direct_mean,2398,RegionA,AITraining,26.300925925925927,0.0,0.0,0.0,0.0,77.0,124.0
test,2375,direct_mean,2398,RegionA,BatchInference,18.751262626262626,0.0,0.0,0.0,16.0,36.0,52.0
test,2375,direct_mean,2398,RegionA,RealTimeInference,9.838804713804715,15.0,0.0,3.0,9.0,16.0,23.0
test,2375,direct_mean,2398,RegionB,AITraining,26.022306397306398,44.0,0.0,0.0,0.0,73.0,118.0
test,2375,direct_mean,2398,RegionB,BatchInference,18.412037037037038,21.0,0.0,0.0,16.0,35.0,52.0
test,2375,direct_mean,2398,RegionB,RealTimeInference,8.332912457912458,7.0,0.0,2.0,7.0,14.0,20.0
test,2375,direct_mean,2398,RegionC,AITraining,24.610690235690235,16.0,0.0,0.0,0.0,71.0,120.04999999999927
test,2375,direct_mean,2398,RegionC,BatchInference,14.478535353535353,0.0,0.0,0.0,12.0,28.0,44.0
test,2375,direct_mean,2398,RegionC,RealTimeInference,7.095538720538721,12.0,0.0,1.0,6.0,12.0,18.0
test,2375,direct_mean,2398,RegionD,AITraining,170.05765993265993,381.0,0.0,48.0,149.0,289.0,412.0
test,2375,direct_mean,2398,RegionD,BatchInference,18.835858585858585,11.0,0.0,0.0,16.5,35.0,52.0
test,2375,direct_mean,2398,RegionD,RealTimeInference,0.8261784511784511,8.0,0.0,0.0,0.0,1.0,6.0
test,2375,direct_mean,2398,RegionE,AITraining,121.13257575757575,161.0,0.0,0.0,108.0,217.0,316.0
test,2375,direct_mean,2398,RegionE,BatchInference,12.241582491582491,30.0,0.0,0.0,9.0,24.0,40.0
test,2375,direct_mean,2398,RegionE,RealTimeInference,1.093013468013468,0.0,0.0,0.0,0.0,3.0,6.0
test,2375,direct_mean,2398,RegionF,AITraining,122.66287878787878,122.0,0.0,0.0,106.0,221.0,328.0
test,2375,direct_mean,2398,RegionF,BatchInference,11.337542087542088,36.0,0.0,0.0,7.0,23.0,37.0
test,2375,direct_mean,2398,RegionF,RealTimeInference,0.8337542087542088,3.0,0.0,0.0,0.0,1.0,6.0
test,2375,direct_mean,2399,RegionA,AITraining,26.300925925925927,0.0,0.0,0.0,0.0,74.0,122.0
test,2375,direct_mean,2399,RegionA,BatchInference,18.751262626262626,0.0,0.0,0.0,16.0,36.0,52.0
test,2375,direct_mean,2399,RegionA,RealTimeInference,9.838804713804715,4.0,0.0,3.0,9.0,16.0,23.0
test,2375,direct_mean,2399,RegionB,AITraining,26.022306397306398,0.0,0.0,0.0,0.0,75.0,121.0
test,2375,direct_mean,2399,RegionB,BatchInference,18.412037037037038,75.0,0.0,0.0,16.0,34.0,50.0
test,2375,direct_mean,2399,RegionB,RealTimeInference,8.332912457912458,1.0,0.0,2.0,7.0,14.0,20.0
test,2375,direct_mean,2399,RegionC,AITraining,24.610690235690235,37.0,0.0,0.0,0.0,71.0,119.0
test,2375,direct_mean,2399,RegionC,BatchInference,14.478535353535353,11.0,0.0,0.0,12.0,28.0,43.0
test,2375,direct_mean,2399,RegionC,RealTimeInference,7.095538720538721,13.0,0.0,1.0,6.0,13.0,18.0
test,2375,direct_mean,2399,RegionD,AITraining,170.05765993265993,0.0,0.0,47.0,151.0,287.0,409.0
test,2375,direct_mean,2399,RegionD,BatchInference,18.835858585858585,0.0,0.0,0.0,17.0,36.0,51.0
test,2375,direct_mean,2399,RegionD,RealTimeInference,0.8261784511784511,0.0,0.0,0.0,0.0,1.0,6.0
test,2375,direct_mean,2399,RegionE,AITraining,121.13257575757575,115.0,0.0,0.0,107.0,216.0,317.0
test,2375,direct_mean,2399,RegionE,BatchInference,12.241582491582491,13.0,0.0,0.0,9.0,23.0,39.0
test,2375,direct_mean,2399,RegionE,RealTimeInference,1.093013468013468,4.0,0.0,0.0,0.0,3.0,7.0
test,2375,direct_mean,2399,RegionF,AITraining,122.66287878787878,271.0,0.0,0.0,108.0,220.0,331.0
test,2375,direct_mean,2399,RegionF,BatchInference,11.337542087542088,0.0,0.0,0.0,7.0,23.0,37.0
test,2375,direct_mean,2399,RegionF,RealTimeInference,0.8337542087542088,1.0,0.0,0.0,0.0,1.0,6.0
