Model,OriginHour,n,ActualSum,ForecastSum,MAE,RMSE,WAPE,Bias
direct_mean,1199,432.0,15909.0,14565.8,28.69604552469136,57.346319483086035,0.7792250717623149,-3.109259259259259
rolling_24,1199,432.0,15909.0,15394.0,28.90316358024691,57.56447003036285,0.7848492467576005,-1.1921296296296302
rolling_168,1199,432.0,15909.0,14270.857142857145,28.669973544973544,57.89134410555864,0.7785171017303771,-3.7919973544973535
rolling_336,1199,432.0,15909.0,14312.571428571428,28.51299327601411,57.49957956962312,0.7742543902971962,-3.6954365079365084
seasonal_daily,1199,432.0,15909.0,15394.0,37.30324074074074,79.92109824348289,1.012948645420831,-1.1921296296296295
seasonal_weekly,1199,432.0,15909.0,14258.0,35.52546296296296,74.76774222736552,0.9646740838519077,-3.821759259259259
direct_mean,1223,432.0,17265.0,14592.137254901962,26.397512708787215,50.21892725027888,0.6605111781173517,-6.1871822803195355
rolling_24,1223,432.0,17265.0,15909.0,26.08738425925926,48.152876926795976,0.6527512308137852,-3.138888888888889
rolling_168,1223,432.0,17265.0,14506.714285714286,26.565255731922402,50.757994425455855,0.6647083971150001,-6.3849206349206336
rolling_336,1223,432.0,17265.0,14459.857142857141,26.347387566137563,50.34835563467374,0.6592569608208183,-6.493386243386243
seasonal_daily,1223,432.0,17265.0,15909.0,34.56018518518518,70.60502421530953,0.8647552852591949,-3.138888888888889
seasonal_weekly,1223,432.0,17265.0,13956.0,30.993055555555557,63.778933158330695,0.7754995655951347,-7.659722222222222
direct_mean,1247,432.0,14834.0,14643.538461538465,26.005212042972463,47.32464930820928,0.7573312392182893,-0.4408831908831909
rolling_24,1247,432.0,14834.0,17265.0,27.942708333333332,51.059899426803696,0.8137555615477956,5.627314814814813
rolling_168,1247,432.0,14834.0,14979.428571428572,26.32600308641975,47.935152288856955,0.7666734079367219,0.33664021164021163
rolling_336,1247,432.0,14834.0,14639.571428571428,26.032930996472665,47.46462412483883,0.7581384785274499,-0.4500661375661383
seasonal_daily,1247,432.0,14834.0,17265.0,36.92824074074074,69.92027536707366,1.0754348119185655,5.627314814814815
seasonal_weekly,1247,432.0,14834.0,14407.0,34.423611111111114,69.9353702965711,1.002494269920453,-0.9884259259259259
direct_mean,1271,432.0,13433.0,14647.132075471698,25.39399895178197,47.664449063669636,0.8166610248767819,2.810490915443746
rolling_24,1271,432.0,13433.0,14834.0,26.1460262345679,48.12309600209821,0.8408459266979329,3.2430555555555567
rolling_168,1271,432.0,13433.0,15040.42857142857,25.621996252204585,47.990493321238084,0.8239933284413297,3.7208994708994707
rolling_336,1271,432.0,13433.0,14687.857142857141,25.422784391534393,47.80630549556972,0.8175867533047612,2.9047619047619055
seasonal_daily,1271,432.0,13433.0,14834.0,33.28472222222222,69.26737982201584,1.0704235837117546,3.2430555555555554
seasonal_weekly,1271,432.0,13433.0,15140.0,32.432870370370374,65.90314512249805,1.0430283629866746,3.951388888888889
direct_mean,1295,432.0,16129.0,14624.648148148148,28.297228652263374,55.43358134536294,0.7579144880511983,-3.482295953360768
rolling_24,1295,432.0,16129.0,13433.0,28.76369598765432,58.41435593385128,0.7704083741500816,-6.2407407407407405
rolling_168,1295,432.0,16129.0,14796.571428571428,28.267471340388006,55.5202169352404,0.7571174666158855,-3.084325396825397
rolling_336,1295,432.0,16129.0,14586.428571428572,28.27163249559083,55.309134781966556,0.7572289192197432,-3.5707671957671954
seasonal_daily,1295,432.0,16129.0,13433.0,37.416666666666664,77.35299678170918,1.0021700043400086,-6.2407407407407405
seasonal_weekly,1295,432.0,16129.0,13781.0,33.861111111111114,67.79059532718985,0.9069378138756278,-5.435185185185185
direct_mean,1319,432.0,13542.0,14652.000000000002,26.022555415263746,47.652524329161544,0.8301391182538723,2.5694444444444464
rolling_24,1319,432.0,13542.0,16129.0,27.8545524691358,51.4051691553978,0.8885812041549745,5.988425925925926
rolling_168,1319,432.0,13542.0,15132.0,26.4449680335097,48.43268530147243,0.8436143989422679,3.6805555555555562
rolling_336,1319,432.0,13542.0,14778.285714285714,26.12720458553792,47.750063256063335,0.8334775056086532,2.861772486772487
seasonal_daily,1319,432.0,13542.0,16129.0,35.979166666666664,74.90059770814274,1.1477625166149756,5.988425925925926
seasonal_weekly,1319,432.0,13542.0,12960.0,31.09259259259259,62.641432567224015,0.991877123024664,-1.3472222222222223
direct_mean,1343,432.0,14990.0,14632.178571428572,25.615606398809522,51.98084227515626,0.7382216120270656,-0.8282903439153444
rolling_24,1343,432.0,14990.0,13542.0,26.416473765432098,53.60178207547457,0.7613019790971759,-3.351851851851851
rolling_168,1343,432.0,14990.0,15215.142857142857,25.64525462962963,51.73535036498014,0.739076050700467,0.521164021164022
rolling_336,1343,432.0,14990.0,14724.000000000002,25.55322696208113,51.74650453363964,0.7364238857651133,-0.6157407407407388
seasonal_daily,1343,432.0,14990.0,13542.0,33.541666666666664,70.05824296545987,0.9666444296197465,-3.3518518518518516
seasonal_weekly,1343,432.0,14990.0,15394.0,36.282407407407405,78.87821719681644,1.0456304202801867,0.9351851851851852
direct_mean,1367,432.0,15553.0,14638.456140350878,25.519557477799438,50.68980925645583,0.7088310184793517,-2.1169996751137097
rolling_24,1367,432.0,15553.0,14990.0,26.38715277777778,52.41989773943045,0.7329293383913071,-1.3032407407407418
rolling_168,1367,432.0,15553.0,15157.428571428572,25.774360670194003,50.40012960203065,0.7159084298542924,-0.9156746031746017
rolling_336,1367,432.0,15553.0,14714.142857142857,25.661596119929456,50.71364423599754,0.7127762826341879,-1.9417989417989414
seasonal_daily,1367,432.0,15553.0,14990.0,34.87268518518518,72.85629246572908,0.9686234167041728,-1.3032407407407407
seasonal_weekly,1367,432.0,15553.0,15909.0,33.138888888888886,69.40187584187022,0.9204655050472578,0.8240740740740741
direct_mean,1391,432.0,13222.0,14654.224137931033,23.276247871434652,41.74142459405611,0.7605006111374807,3.3153336526181354
rolling_24,1391,432.0,13222.0,15553.000000000002,24.57002314814815,43.32700385576279,0.8027718953259718,5.395833333333336
rolling_168,1391,432.0,13222.0,15106.571428571428,23.698522927689595,42.22400967021471,0.7742975272093409,4.362433862433861
rolling_336,1391,432.0,13222.0,14806.642857142857,23.458677799823633,41.84020037087899,0.7664611109910611,3.6681547619047623
seasonal_daily,1391,432.0,13222.0,15553.0,31.83101851851852,65.01707396836163,1.0400090757827862,5.395833333333333
seasonal_weekly,1391,432.0,13222.0,17265.0,31.8125,62.84506595441535,1.0394040235970352,9.358796296296296
direct_mean,1415,432.0,12337.0,14629.949152542373,23.61844462753714,41.453383757028554,0.8270380221363415,5.307752667922159
rolling_24,1415,432.0,12337.0,13222.0,22.60821759259259,40.83207670024047,0.7916632892923725,2.048611111111111
rolling_168,1415,432.0,12337.0,14529.0,23.77808090828924,41.45905697074679,0.8326279445879025,5.074074074074074
rolling_336,1415,432.0,12337.0,14754.214285714286,23.824115410052915,41.717871013993424,0.834239917090286,5.595403439153439
seasonal_daily,1415,432.0,12337.0,13222.0,29.92824074074074,58.00632548521149,1.0479857339709815,2.048611111111111
seasonal_weekly,1415,432.0,12337.0,14834.0,32.61805555555556,63.18269732087054,1.1421739482856448,5.780092592592593
direct_mean,1439,432.0,13553.0,14591.733333333335,26.09383359053498,45.781207548541396,0.8317373357272274,2.4044753086419752
rolling_24,1439,432.0,13553.0,12337.0,24.99054783950617,45.10491991074057,0.7965702550480828,-2.8148148148148158
rolling_168,1439,432.0,13553.0,14172.285714285714,25.939180996472665,45.66789328135654,0.8268078056870206,1.4335317460317454
rolling_336,1439,432.0,13553.0,14606.357142857145,26.156608245149915,45.91998684814235,0.8337382691584714,2.438326719576721
seasonal_daily,1439,432.0,13553.0,12337.0,31.77314814814815,60.09544877079264,1.012764701542094,-2.814814814814815
seasonal_weekly,1439,432.0,13553.0,13433.0,31.37037037037037,62.76263337486843,0.9999262155980225,-0.2777777777777778
direct_mean,1463,432.0,14668.0,14574.704918032787,25.345536708156242,47.52124902789937,0.746473401821891,-0.21596083788706746
rolling_24,1463,432.0,14668.0,13553.0,25.582175925925927,47.84938210735386,0.7534428688301064,-2.5810185185185173
rolling_168,1463,432.0,14668.0,14189.428571428572,25.393490961199294,47.76055668717951,0.7478857441531289,-1.1078042328042326
rolling_336,1463,432.0,14668.0,14492.999999999998,25.376846340388006,47.51952531003087,0.7473955289778851,-0.4050925925925934
seasonal_daily,1463,432.0,14668.0,13553.0,33.50231481481482,61.00240963668141,0.9867057540223616,-2.5810185185185186
seasonal_weekly,1463,432.0,14668.0,16129.0,36.761574074074076,72.76959771671032,1.0826970275429506,3.3819444444444446
direct_mean,1487,432.0,16211.0,14576.209677419354,27.344692727001195,58.65088972142764,0.7286970117861031,-3.7842368578255683
rolling_24,1487,432.0,16211.0,14668.0,27.51581790123457,57.91821873753021,0.7332572533053688,-3.5717592592592604
rolling_168,1487,432.0,16211.0,13980.714285714284,27.49691358024691,59.43775417919438,0.7327534801472251,-5.162698412698412
rolling_336,1487,432.0,16211.0,14556.357142857145,27.433504188712522,58.640230650824016,0.7310637104141514,-3.830191798941798
seasonal_daily,1487,432.0,16211.0,14668.0,34.238425925925924,72.26998954537692,0.9124051569921658,-3.571759259259259
seasonal_weekly,1487,432.0,16211.0,13542.0,36.92824074074074,76.87888803778269,0.9840848806366048,-6.1782407407407405
direct_mean,1511,432.0,14058.0,14602.158730158731,24.28402410346855,47.617319526379454,0.7462440185444881,1.2596266901822475
rolling_24,1511,432.0,14058.0,16211.0,26.027391975308642,51.6786080510359,0.7998174230568598,4.983796296296294
rolling_168,1511,432.0,14058.0,14362.0,24.319775132275137,47.788411613910114,0.747342641708839,0.7037037037037025
rolling_336,1511,432.0,14058.0,14788.571428571428,24.521301807760143,47.74131120293089,0.7535355229017201,1.691137566137567
seasonal_daily,1511,432.0,14058.0,16211.0,36.50231481481482,80.83658355435824,1.1217100583297765,4.983796296296297
seasonal_weekly,1511,432.0,14058.0,14990.0,32.83796296296296,70.01560672582353,1.0091051358656993,2.1574074074074074
direct_mean,1535,432.0,15173.0,14593.65625,25.112238377700617,50.64308305284689,0.7149862900656868,-1.341073495370372
rolling_24,1535,432.0,15173.0,14058.0,25.026234567901238,51.04798713701394,0.7125376216524968,-2.58101851851852
rolling_168,1535,432.0,15173.0,14228.857142857143,25.192184744268076,50.823044492994626,0.7172624932131951,-2.1855158730158744
rolling_336,1535,432.0,15173.0,14693.142857142859,25.20276675485009,50.65175146800223,0.7175637802738574,-1.1107804232804241
seasonal_daily,1535,432.0,15173.0,14058.0,32.261574074074076,67.68973676239968,0.9185395109734397,-2.5810185185185186
seasonal_weekly,1535,432.0,15173.0,15553.0,34.38425925925926,74.26874997077992,0.9789758122981612,0.8796296296296297
direct_mean,1559,432.0,14272.0,14602.56923076923,25.565441001899334,48.53848830076672,0.7738418240485224,0.7652065527065527
rolling_24,1559,432.0,14272.0,15173.0,26.17361111111111,49.574578086336466,0.7922505605381166,2.085648148148149
rolling_168,1559,432.0,14272.0,14174.57142857143,25.310212742504408,48.48372672244991,0.76611630498612,-0.2255291005291015
rolling_336,1559,432.0,14272.0,14640.57142857143,25.53931051587302,48.43695089253852,0.7730508788436901,0.8531746031746036
seasonal_daily,1559,432.0,14272.0,15173.0,33.548611111111114,67.55147214449799,1.015484865470852,2.0856481481481484
seasonal_weekly,1559,432.0,14272.0,13222.0,30.796296296296298,60.98891824051439,0.9321748878923767,-2.4305555555555554
direct_mean,1583,432.0,16113.0,14597.560606060608,27.564335484474373,54.831269699152315,0.739017745254945,-3.5079615600448935
rolling_24,1583,432.0,16113.0,14272.0,28.56500771604938,56.853572479692986,0.7658464180061647,-4.261574074074073
rolling_168,1583,432.0,16113.0,14324.571428571428,27.565917107583775,54.97657461838839,0.7390601495982244,-4.139880952380952
rolling_336,1583,432.0,16113.0,14426.785714285714,27.757206238977073,55.24634459306651,0.7441887355078567,-3.9032738095238084
seasonal_daily,1583,432.0,16113.0,14272.0,37.52546296296296,75.97104406967853,1.00608204555328,-4.261574074074074
seasonal_weekly,1583,432.0,16113.0,12337.0,31.34722222222222,67.80077023489072,0.8404393967603798,-8.74074074074074
direct_mean,1607,432.0,15481.0,14620.179104477613,28.186316680486453,55.495895464375465,0.7865440737659162,-1.9926409618573802
rolling_24,1607,432.0,15481.0,16112.999999999998,28.66878858024691,55.13079023228129,0.8000075361195443,1.4629629629629635
rolling_168,1607,432.0,15481.0,14864.0,28.639963624338627,55.8766480953775,0.7992031707069496,-1.428240740740741
rolling_336,1607,432.0,15481.0,14518.142857142859,28.439938822751326,55.9234826483239,0.7936214437974661,-2.228835978835979
seasonal_daily,1607,432.0,15481.0,16113.0,34.53703703703704,71.57468257131977,0.9637620308765583,1.462962962962963
seasonal_weekly,1607,432.0,15481.0,13553.0,34.995370370370374,72.14401748765631,0.9765519023318907,-4.462962962962963
direct_mean,1631,432.0,15415.0,14632.838235294119,28.345310230573713,58.420256800292954,0.7943674355892212,-1.810559640522876
rolling_24,1631,432.0,15415.0,15481.0,30.11940586419753,60.435886949122875,0.8440858471186075,0.15277777777777804
rolling_168,1631,432.0,15415.0,15139.428571428572,28.765018738977073,58.690593406785936,0.8061296201905997,-0.6378968253968232
rolling_336,1631,432.0,15415.0,14664.428571428572,28.378789131393297,58.370028157895945,0.7953056701110545,-1.737433862433862
seasonal_daily,1631,432.0,15415.0,15481.0,36.43981481481482,75.1029540278124,1.0212131041193642,0.1527777777777778
seasonal_weekly,1631,432.0,15415.0,14668.0,31.96990740740741,69.00202962661744,0.8959455076224456,-1.7291666666666667
direct_mean,1655,432.0,14685.0,14644.173913043476,26.542323649132225,51.590889347493324,0.7808160583197222,-0.09450483091787494
rolling_24,1655,432.0,14685.0,15415.0,27.54996141975309,52.083302777768814,0.8104585177618886,1.689814814814815
rolling_168,1655,432.0,14685.0,15246.142857142857,26.86910273368607,51.661950511504955,0.7904291713280478,1.2989417989417986
rolling_336,1655,432.0,14685.0,14613.428571428572,26.582423941798947,51.54387244936497,0.7819957196361692,-0.1656746031746021
seasonal_daily,1655,432.0,14685.0,15415.0,38.66203703703704,85.16231778416068,1.137351038474634,1.6898148148148149
seasonal_weekly,1655,432.0,14685.0,16211.0,36.59722222222222,80.78013713503806,1.076608784473953,3.5324074074074074
direct_mean,1679,432.0,15971.0,14644.757142857143,25.66649581128748,50.49477661399703,0.6942537217754801,-3.070006613756614
rolling_24,1679,432.0,15971.0,14685.0,25.50655864197531,50.26396084702104,0.6899275770667669,-2.97685185185185
rolling_168,1679,432.0,15971.0,15028.142857142857,25.9150958994709,50.40796552680838,0.7009781121139207,-2.182539682539682
rolling_336,1679,432.0,15971.0,14695.071428571428,25.762703924162256,50.46129273586511,0.6968560575567024,-2.953538359788359
seasonal_daily,1679,432.0,15971.0,14685.0,35.351851851851855,74.75243090312131,0.9562331726253835,-2.9768518518518516
seasonal_weekly,1679,432.0,15971.0,14058.0,35.12268518518518,75.84357378964407,0.9500344374178198,-4.4282407407407405
direct_mean,1703,432.0,15156.0,14663.436619718312,26.802800599895672,53.62154663336728,0.763975314011278,-1.1401930099113189
rolling_24,1703,432.0,15156.0,15971.0,27.04571759259259,53.703540967984594,0.7708993138031143,1.8865740740740746
rolling_168,1703,432.0,15156.0,15301.428571428572,27.071456128747794,53.55637564088522,0.7716329537885357,0.33664021164021196
rolling_336,1703,432.0,15156.0,14765.142857142859,26.79203869047619,53.3744945803304,0.7636685612487275,-0.9047619047619041
seasonal_daily,1703,432.0,15156.0,15971.0,33.90972222222222,68.92932840826766,0.966547901821061,1.8865740740740742
seasonal_weekly,1703,432.0,15156.0,15173.0,32.79398148148148,71.91196714399153,0.9347453153866455,0.03935185185185185
direct_mean,1727,432.0,14738.0,14670.27777777778,25.025160215192045,47.2728962586753,0.7335370615390802,-0.15676440329218042
rolling_24,1727,432.0,14738.0,15156.0,25.792438271604937,49.34996435136991,0.7560275026009861,0.9675925925925929
rolling_168,1727,432.0,14738.0,15299.0,25.39263668430335,47.36886313909247,0.7443085254185811,1.2986111111111132
rolling_336,1727,432.0,14738.0,14736.785714285714,25.069003527336864,47.6073156999324,0.7348221959431079,-0.002810846560845922
seasonal_daily,1727,432.0,14738.0,15156.0,33.26851851851852,67.56135757248397,0.9751662369385262,0.9675925925925926
seasonal_weekly,1727,432.0,14738.0,14272.0,29.72222222222222,61.28965080905826,0.8712172615008821,-1.0787037037037037
direct_mean,1751,432.0,15299.0,14671.205479452055,27.89884576357179,53.4580710080447,0.787783604801818,-1.4532280568239475
rolling_24,1751,432.0,15299.0,14738.0,27.99826388888889,53.852185381564325,0.7905908882933526,-1.2986111111111118
rolling_168,1751,432.0,15299.0,15365.571428571428,28.04252094356261,53.32470107339817,0.7918405809281029,0.15410052910052816
rolling_336,1751,432.0,15299.0,14845.071428571428,27.888668430335095,53.49994271919315,0.7874962260216198,-1.0507605820105834
seasonal_daily,1751,432.0,15299.0,14738.0,33.75231481481482,69.78009439714218,0.9530688280279757,-1.2986111111111112
seasonal_weekly,1751,432.0,15299.0,16113.0,36.25925925925926,75.2497692872063,1.0238577684816002,1.8842592592592593
direct_mean,1775,432.0,14626.0,14679.68918918919,25.737349328495164,47.571684327629065,0.7601897244571251,0.124280530530531
rolling_24,1775,432.0,14626.0,15299.0,26.25675154320988,48.173945968916115,0.7755310178221433,1.5578703703703705
rolling_168,1775,432.0,14626.0,15249.285714285714,26.047178130511465,47.94141234322855,0.7693409648831501,1.4427910052910047
rolling_336,1775,432.0,14626.0,15056.642857142857,25.847442680776016,47.602290904037815,0.7634414903661452,0.9968584656084657
seasonal_daily,1775,432.0,14626.0,15299.0,36.048611111111114,75.00547819499093,1.0647477095583209,1.5578703703703705
seasonal_weekly,1775,432.0,14626.0,15481.0,35.75694444444444,74.36983720020628,1.0561329139887872,1.9791666666666667
direct_mean,1799,432.0,16877.0,14678.973333333333,28.88341306584362,59.30235686822983,0.739327750455913,-5.088024691358026
rolling_24,1799,432.0,16877.0,14626.0,29.45177469135803,60.667432967280774,0.7538760838221643,-5.210648148148147
rolling_168,1799,432.0,16877.0,15127.142857142857,29.08151455026455,59.33268950372362,0.7443985474737386,-4.05059523809524
rolling_336,1799,432.0,16877.0,15133.285714285714,29.091242283950617,59.08044619078756,0.7446475479449349,-4.0363756613756605
seasonal_daily,1799,432.0,16877.0,14626.0,37.048611111111114,76.80728348468195,0.9483320495348699,-5.210648148148148
seasonal_weekly,1799,432.0,16877.0,15415.0,35.51851851851852,76.12407634907632,0.9091663210286188,-3.384259259259259
direct_mean,1823,432.0,13871.0,14707.894736842105,26.704762122319693,55.672213139768196,0.8316961456882782,1.9372563352826508
rolling_24,1823,432.0,13871.0,16877.0,28.77797067901234,57.68021861607986,0.8962643885324297,6.958333333333331
rolling_168,1823,432.0,13871.0,15336.0,26.97674162257496,56.210262201688444,0.8401667061460877,3.391203703703706
rolling_336,1823,432.0,13871.0,15291.071428571428,27.052083333333332,56.06802946176212,0.8425131569461466,3.2872023809523805
seasonal_daily,1823,432.0,13871.0,16877.0,36.19444444444444,81.88895484695067,1.127243890130488,6.958333333333333
seasonal_weekly,1823,432.0,13871.0,14685.0,32.93981481481482,74.25640638280908,1.0258813351596856,1.8842592592592593
direct_mean,1847,432.0,14359.0,14697.025974025975,25.533742684784354,46.10317957609568,0.7681995152745206,0.7824675324675321
rolling_24,1847,432.0,14359.0,13871.0,25.17997685185185,45.84189840004178,0.7575562365067205,-1.1296296296296293
rolling_168,1847,432.0,14359.0,15219.714285714286,25.731371252204585,46.32535922146729,0.7741453012711458,1.9923941798941796
rolling_336,1847,432.0,14359.0,15123.92857142857,25.76782958553792,46.28134443163564,0.7752421743124439,1.770667989417988
seasonal_daily,1847,432.0,14359.0,13871.0,32.476851851851855,73.24369521596304,0.9770875409151055,-1.1296296296296295
seasonal_weekly,1847,432.0,14359.0,15971.0,33.254629629629626,68.61183085542415,1.0004874991294659,3.7314814814814814
direct_mean,1871,432.0,13604.0,14692.692307692307,25.266557355967077,47.08994798405301,0.8023487781371492,2.5201210826210816
rolling_24,1871,432.0,13604.0,14359.0,25.208912037037038,47.124603962379474,0.8005182299323729,1.747685185185186
rolling_168,1871,432.0,13604.0,14989.428571428572,25.39787257495591,47.267817456969354,0.8065187409865447,3.207010582010583
rolling_336,1871,432.0,13604.0,15145.428571428572,25.50533234126984,47.35220550651527,0.8099311652035115,3.568121693121694
seasonal_daily,1871,432.0,13604.0,14359.0,32.24768518518518,66.77475612501745,1.0240370479270802,1.7476851851851851
seasonal_weekly,1871,432.0,13604.0,15156.0,33.175925925925924,73.65255646665683,1.0535136724492795,3.5925925925925926
direct_mean,1895,432.0,13177.0,14678.911392405062,23.927361697140174,45.156597308799945,0.7844441263690184,3.4766467416783864
rolling_24,1895,432.0,13177.0,13604.000000000002,23.55497685185185,44.21842922385067,0.7722357137436442,0.9884259259259269
rolling_168,1895,432.0,13177.0,14767.714285714284,24.29086750440917,45.59073525156765,0.7963614450864963,3.6822089947089944
rolling_336,1895,432.0,13177.0,15033.357142857143,24.169904651675484,45.534294116033806,0.7923957508935121,4.297123015873014
seasonal_daily,1895,432.0,13177.0,13604.0,32.66898148148148,65.9175094762807,1.0710328602868635,0.9884259259259259
seasonal_weekly,1895,432.0,13177.0,14738.0,30.19212962962963,61.953406177844954,0.9898307657281628,3.613425925925926
direct_mean,1919,432.0,15574.0,14660.1375,26.8365909529321,51.29041090377585,0.7444078137708146,-2.115422453703704
rolling_24,1919,432.0,15574.0,13177.0,27.249035493827158,53.698416785579234,0.7558484225846496,-5.54861111111111
rolling_168,1919,432.0,15574.0,14544.714285714286,27.06046075837742,51.76529106412681,0.7506176350082859,-2.38260582010582
rolling_336,1919,432.0,15574.0,14955.142857142857,26.949625220458554,51.348165869911,0.7475432191625848,-1.4325396825396826
seasonal_daily,1919,432.0,15574.0,13177.0,32.62268518518518,67.12817686806062,0.904905611917298,-5.548611111111111
seasonal_weekly,1919,432.0,15574.0,15299.0,34.770833333333336,69.79982953921666,0.9644921022216515,-0.6365740740740741
direct_mean,1943,432.0,15250.0,14671.41975308642,27.760507163542144,55.57217550031444,0.7863960062065709,-1.3393061271147688
rolling_24,1943,432.0,15250.0,15574.0,28.260802469135804,55.27434558021459,0.800568306010929,0.7499999999999986
rolling_168,1943,432.0,15250.0,14584.000000000002,27.886684303350968,55.81387915382727,0.7899703356752537,-1.5416666666666667
rolling_336,1943,432.0,15250.0,14916.642857142859,27.89423500881834,55.49091210136737,0.7901842310694769,-0.7716600529100525
seasonal_daily,1943,432.0,15250.0,15574.0,36.75,77.3488969013253,1.0410491803278688,0.75
seasonal_weekly,1943,432.0,15250.0,14626.0,35.175925925925924,73.86010299759143,0.9964590163934426,-1.4444444444444444
direct_mean,1967,432.0,15234.0,14678.4756097561,24.407633242999097,46.302245684250565,0.6921424157132473,-1.2859360885275521
rolling_24,1967,432.0,15234.0,15250.0,24.583719135802472,45.9062131005659,0.6971357927443002,0.03703703703703651
rolling_168,1967,432.0,15234.0,14673.142857142857,24.421186067019402,46.43120413781097,0.6925267415617947,-1.2982804232804237
rolling_336,1967,432.0,15234.0,14900.142857142857,24.50841876102293,46.301644703579925,0.6950004532468101,-0.772817460317461
seasonal_daily,1967,432.0,15234.0,15250.0,35.208333333333336,69.34147922232941,0.9984245766049625,0.037037037037037035
seasonal_weekly,1967,432.0,15234.0,16877.0,32.84027777777778,71.96702241176034,0.9312721543914927,3.803240740740741
direct_mean,1991,432.0,16128.0,14685.168674698794,25.465784434032425,47.32083563932318,0.6821192259115828,-3.339887327086123
rolling_24,1991,432.0,16128.0,15234.0,26.48804012345679,51.72923705265121,0.7095010747354498,-2.069444444444443
rolling_168,1991,432.0,16128.0,14438.428571428572,25.2724041005291,47.319776538498566,0.6769393955498867,-3.9110449735449744
rolling_336,1991,432.0,16128.0,14887.214285714286,25.368468915343918,46.960131306577864,0.6795125602324263,-2.872189153439152
seasonal_daily,1991,432.0,16128.0,15234.0,32.5,64.47892994930521,0.8705357142857143,-2.0694444444444446
seasonal_weekly,1991,432.0,16128.0,13871.0,35.613425925925924,71.54112065409966,0.9539310515873016,-5.224537037037037
direct_mean,2015,432.0,15589.0,14702.345238095239,24.52717840608466,47.20189788090475,0.6796934422624012,-2.0524415784832457
rolling_24,2015,432.0,15589.0,16128.0,26.482253086419753,49.962236896887845,0.7338721748241281,1.247685185185186
rolling_168,2015,432.0,15589.0,14760.857142857141,24.72164351851852,47.28731503914915,0.6850824299185323,-1.9169973544973533
rolling_336,2015,432.0,15589.0,14990.285714285714,24.69098600088184,47.157804326673485,0.6842328534467224,-1.3859126984126977
seasonal_daily,2015,432.0,15589.0,16128.0,37.94675925925926,74.09161308562278,1.0515748284046442,1.2476851851851851
seasonal_weekly,2015,432.0,15589.0,14359.0,32.361111111111114,65.76835752739954,0.8967861953941882,-2.8472222222222223
direct_mean,2039,432.0,14141.0,14712.776470588236,27.30723720043573,50.33407524858404,0.834221516907449,1.3235566448801737
rolling_24,2039,432.0,14141.0,15589.0,27.98051697530864,50.614803309340346,0.8547898545600263,3.3518518518518503
rolling_168,2039,432.0,14141.0,14936.57142857143,27.497905643738978,50.36993298865838,0.8400463360508619,1.8416005291005288
rolling_336,2039,432.0,14141.0,14963.0,27.430197310405646,50.440150574690804,0.8379778826175828,1.9027777777777777
seasonal_daily,2039,432.0,14141.0,15589.0,33.379629629629626,68.29592471980546,1.0197298635174317,3.3518518518518516
seasonal_weekly,2039,432.0,14141.0,13604.0,33.270833333333336,67.2314100699963,1.0164061947528464,-1.2430555555555556
direct_mean,2063,432.0,14542.0,14706.127906976744,24.980303886735577,48.88021304395387,0.7420912721131735,0.3799257105943148
rolling_24,2063,432.0,14542.0,14141.0,25.36728395061729,50.36180535925226,0.7535873103195343,-0.9282407407407396
rolling_168,2063,432.0,14542.0,15013.285714285714,25.340828924162256,49.06569139986322,0.7528014093823474,1.0909391534391533
rolling_336,2063,432.0,14542.0,14890.5,25.050498787477956,48.85488898206045,0.7441765559201263,0.8067129629629629
seasonal_daily,2063,432.0,14542.0,14141.0,35.74768518518518,71.84820353948909,1.0619584651354697,-0.9282407407407407
seasonal_weekly,2063,432.0,14542.0,13177.0,34.49305555555556,70.90269479807964,1.0246871131893824,-3.1597222222222223
direct_mean,2087,432.0,14850.0,14704.241379310344,26.607049098907336,51.24241472976051,0.7740232465136679,-0.3374042145593863
rolling_24,2087,432.0,14850.0,14542.0,27.02199074074074,52.50131354911719,0.7860942760942761,-0.7129629629629629
rolling_168,2087,432.0,14850.0,15208.285714285714,26.432815255731924,50.152599593014756,0.7689546256212924,0.8293650793650803
rolling_336,2087,432.0,14850.0,14876.5,26.5715801366843,50.84708484890248,0.7729914221580888,0.061342592592592594
seasonal_daily,2087,432.0,14850.0,14542.0,33.89351851851852,72.91826982364621,0.985993265993266,-0.7129629629629629
seasonal_weekly,2087,432.0,14850.0,15574.0,36.375,73.97672306581008,1.0581818181818181,1.6759259259259258
direct_mean,2111,432.0,14060.0,14705.897727272726,24.992262030022445,48.808799054355546,0.7678988049053838,1.495133627946129
rolling_24,2111,432.0,14060.0,14850.0,25.13618827160494,50.25724718945247,0.7723210052157421,1.8287037037037033
rolling_168,2111,432.0,14060.0,15104.857142857141,24.980048500881836,49.08996496893533,0.7675235385761702,2.4186507936507944
rolling_336,2111,432.0,14060.0,14844.428571428572,24.96356922398589,48.83767123172626,0.7670172051750999,1.8158068783068775
seasonal_daily,2111,432.0,14060.0,14850.0,35.2037037037037,72.38637328280122,1.0816500711237553,1.8287037037037037
seasonal_weekly,2111,432.0,14060.0,15250.0,31.75925925925926,68.36073298915697,0.9758179231863442,2.7546296296296298
direct_mean,2135,432.0,15153.0,14698.6404494382,27.49986345193508,54.15360475509579,0.7839992748126414,-1.051758218893051
rolling_24,2135,432.0,15153.0,14060.0,27.33429783950617,54.86787581359694,0.7792791306451967,-2.530092592592593
rolling_168,2135,432.0,15153.0,14934.857142857141,28.183118386243386,55.606470008468634,0.8034783305521773,-0.5049603174603184
rolling_336,2135,432.0,15153.0,14804.0,27.802717151675484,54.72838310047761,0.7926333933560226,-0.807870370370371
seasonal_daily,2135,432.0,15153.0,14060.0,34.442129629629626,74.99439793892756,0.9819177720583383,-2.5300925925925926
seasonal_weekly,2135,432.0,15153.0,15234.0,36.32175925925926,72.37842616466645,1.0355045205569855,0.1875
direct_mean,2159,432.0,13673.0,14703.68888888889,25.806142832647463,49.136332564927415,0.8153480365467494,2.3858539094650215
rolling_24,2159,432.0,13673.0,15153.000000000002,26.07137345679012,49.15209981165669,0.8237280284746092,3.425925925925927
rolling_168,2159,432.0,13673.0,14923.285714285714,26.32492835097002,49.90843911341386,0.8317391243779015,2.894179894179894
rolling_336,2159,432.0,13673.0,14680.857142857141,26.030313051146383,49.63040849603823,0.822430720258556,2.3330026455026447
seasonal_daily,2159,432.0,13673.0,15153.0,35.56944444444444,73.546502044373,1.1238206684707086,3.425925925925926
seasonal_weekly,2159,432.0,13673.0,16128.0,35.844907407407405,71.55787931872068,1.132523952314781,5.68287037037037
direct_mean,2183,432.0,16697.0,14692.362637362636,26.534260107176777,50.10473562906753,0.6865185582020943,-4.640364265364265
rolling_24,2183,432.0,16697.0,13673.0,26.68827160493827,51.75214237081529,0.6905032840230779,-7.0
rolling_168,2183,432.0,16697.0,14572.571428571428,26.614693562610228,50.23704705644405,0.6885996058601915,-4.91765873015873
rolling_336,2183,432.0,16697.0,14666.714285714286,26.68970458553792,50.321080857097485,0.6905403594030294,-4.699735449735449
seasonal_daily,2183,432.0,16697.0,13673.0,32.129629629629626,65.24544116329196,0.8312870575552495,-7.0
seasonal_weekly,2183,432.0,16697.0,15589.0,34.8287037037037,67.98066173825002,0.901119961669761,-2.564814814814815
direct_mean,2207,432.0,15311.0,14714.152173913044,28.236717072597962,56.55485164390108,0.7966992211718581,-1.3815921900161017
rolling_24,2207,432.0,15311.0,16697.0,29.875964506172842,56.87628458052781,0.8429506019637298,3.208333333333332
rolling_168,2207,432.0,15311.0,14730.857142857141,28.21985229276896,56.493908807337995,0.7962233812602828,-1.3429232804232798
rolling_336,2207,432.0,15311.0,14833.714285714284,28.36603009259259,56.568113410556805,0.8003477891711841,-1.1048280423280428
seasonal_daily,2207,432.0,15311.0,16697.0,34.879629629629626,74.46211440377907,0.9841290575403305,3.2083333333333335
seasonal_weekly,2207,432.0,15311.0,14141.0,35.47222222222222,74.05722262022944,1.0008490627653321,-2.7083333333333335
direct_mean,2231,432.0,14436.0,14720.569892473115,25.75831549515465,47.43809015002942,0.7708224088325581,0.6587266029470327
rolling_24,2231,432.0,14436.0,15311.0,26.689814814814813,48.464203610869355,0.7986977001939596,2.025462962962963
rolling_168,2231,432.0,14436.0,14898.0,26.028935185185187,47.620145076639375,0.7789207536713771,1.0694444444444442
rolling_336,2231,432.0,14436.0,14955.642857142857,26.088941247795415,47.82742651710904,0.7807164463180672,1.2028769841269835
seasonal_daily,2231,432.0,14436.0,15311.0,33.826388888888886,72.20186144620024,1.0122610141313384,2.025462962962963
seasonal_weekly,2231,432.0,14436.0,14542.0,32.25,64.09288687637769,0.9650872817955112,0.24537037037037038
direct_mean,2255,432.0,14162.0,14717.54255319149,25.730340491200423,48.45902207319462,0.7848825795931776,1.285978132387707
rolling_24,2255,432.0,14162.0,14435.999999999998,26.038001543209877,48.5267800253595,0.7942675234194793,0.6342592592592587
rolling_168,2255,432.0,14162.0,14882.857142857143,26.026840828924165,48.691816710955166,0.7939270751373562,1.6686507936507937
rolling_336,2255,432.0,14162.0,15045.57142857143,26.04530423280423,48.506573649279055,0.7944902858756834,2.0453042328042335
seasonal_daily,2255,432.0,14162.0,14436.0,34.01851851851852,70.54824984048545,1.0377065386244881,0.6342592592592593
seasonal_weekly,2255,432.0,14162.0,14850.0,33.90277777777778,64.83261924770986,1.0341759638469143,1.5925925925925926
direct_mean,2279,432.0,14586.0,14711.694736842104,26.828167641325535,52.337457820316544,0.794581682507379,0.29096003898635564
rolling_24,2279,432.0,14586.0,14162.0,27.033371913580247,53.03171002823234,0.8006593080122492,-0.9814814814814794
rolling_168,2279,432.0,14586.0,14784.571428571428,26.95825066137566,52.3415889703498,0.7984344087285264,0.4596560846560851
rolling_336,2279,432.0,14586.0,14944.714285714286,27.033413249559082,52.43168493775441,0.8006605322781792,0.8303571428571425
seasonal_daily,2279,432.0,14586.0,14162.0,35.51851851851852,77.40528860293529,1.0519676402029343,-0.9814814814814815
seasonal_weekly,2279,432.0,14586.0,14060.0,32.94444444444444,71.51883978676139,0.9757301522007404,-1.2175925925925926
direct_mean,2303,432.0,14657.0,14710.385416666666,27.12258672518004,55.034322201056156,0.7994103476344256,0.12357735339506216
rolling_24,2303,432.0,14657.0,14586.0,26.683834876543212,55.50030759841353,0.7864785881603785,-0.16435185185185172
rolling_168,2303,432.0,14657.0,14859.714285714286,27.17055224867725,55.351730370605004,0.8008240821060635,0.46924603174603313
rolling_336,2303,432.0,14657.0,14897.285714285714,27.426780202821867,55.11774746665311,0.808376137519209,0.5562169312169318
seasonal_daily,2303,432.0,14657.0,14586.0,33.895833333333336,71.46368217752546,0.9990448249982943,-0.16435185185185186
seasonal_weekly,2303,432.0,14657.0,15153.0,35.745370370370374,75.07311251188553,1.0535580268813536,1.1481481481481481
direct_mean,2327,432.0,15177.0,14709.835051546394,26.78428471426753,50.79288231017545,0.7623911838020409,-1.0814003436426114
rolling_24,2327,432.0,15177.0,14657.0,27.34722222222222,52.53384693035976,0.778414706463728,-1.2037037037037035
rolling_168,2327,432.0,15177.0,14788.857142857141,26.721312830687825,50.850109177808676,0.7605987443405905,-0.8984788359788369
rolling_336,2327,432.0,15177.0,14856.07142857143,26.876019620811288,50.79135067046098,0.7650023374969017,-0.7428902116402125
seasonal_daily,2327,432.0,15177.0,14657.0,33.28703703703704,68.36977348160462,0.9474863279963102,-1.2037037037037037
seasonal_weekly,2327,432.0,15177.0,13673.0,33.791666666666664,68.62181652873744,0.9618501680173948,-3.4814814814814814
